Clinicals,a
ccqg.score,0.1615
ccqn.score,0.958
BIS_cog,0.3392857142857143
BIS_mot,0.8030666666666666
BIS_nonp,0.3293333333333333
BIS_tot_score,0.3631111111111111
ASIP_medical,0.1615
ASIP_employment,0.1615
ASIP_alcohol_use,0.1615
ASIP_drugs_use,0.36669999999999997
ASIP_family_social,0.3293333333333333
ASIP_psychiatric,0.361
WHODAS_TOTAL,0.8030666666666666
WHODAS_TUC,0.8030666666666666
WHODAS_TGA,0.958
WHODAS_TSC,0.9381250000000001
WHODAS_TGAP,0.5579090909090909
WHODAS_TLA,0.9388235294117647
WHODAS_TPS,0.8030666666666666
