Clinicals,a
ccqg.score,0.8339450470221818
ccqn.score,0.8339450470221818
BIS_cog,0.888790299841311
BIS_mot,0.8339450470221818
BIS_nonp,0.888790299841311
BIS_tot_score,0.8339450470221818
ASIP_medical,0.888790299841311
ASIP_employment,0.8339450470221818
ASIP_alcohol_use,0.8339450470221818
ASIP_drugs_use,0.888790299841311
ASIP_family_social,0.888790299841311
ASIP_psychiatric,0.8339450470221818
WHODAS_TOTAL,0.888790299841311
WHODAS_TUC,0.888790299841311
WHODAS_TGA,0.888790299841311
WHODAS_TSC,0.888790299841311
WHODAS_TGAP,0.888790299841311
WHODAS_TLA,0.888790299841311
WHODAS_TPS,0.888790299841311
