Clinicals,a
ccqg.score,0.1534700565014971
ccqn.score,0.08284302030427036
BIS_cog,0.6970002868218852
BIS_mot,0.24799235077165163
BIS_nonp,0.43875845902653354
BIS_tot_score,0.22740383993932578
ASIP_medical,0.39043646935433796
ASIP_employment,0.2650586926135229
ASIP_alcohol_use,0.13675759372780089
ASIP_drugs_use,0.8830226013624551
ASIP_family_social,0.888790299841311
ASIP_psychiatric,0.3072429120608038
WHODAS_TOTAL,0.7963239901371657
WHODAS_TUC,0.8263455674679133
WHODAS_TGA,0.8501206423524849
WHODAS_TSC,0.8512885023723065
WHODAS_TGAP,0.5163216060192728
WHODAS_TLA,0.5841404884108169
WHODAS_TPS,0.5645197903602601
