Clinicals,a
ccqg.score,0.1898477171734982
ccqn.score,0.22203193648060082
BIS_cog,0.05421654845555094
BIS_mot,0.1599360324758583
BIS_nonp,0.10757861066169945
BIS_tot_score,0.1670131301196827
ASIP_medical,-0.15982249376544452
ASIP_employment,-0.21012802363179958
ASIP_alcohol_use,0.3446201126064227
ASIP_drugs_use,-0.025416151706217298
ASIP_family_social,-0.02452354645358286
ASIP_psychiatric,-0.18631948537633441
WHODAS_TOTAL,0.03317383770834336
WHODAS_TUC,-0.02819986280025796
WHODAS_TGA,0.024290192198215377
WHODAS_TSC,-0.024098736866129164
WHODAS_TGAP,-0.0832952879366753
WHODAS_TLA,0.07028122944964263
WHODAS_TPS,0.07396862688647346
