Clinicals,a
ccqg.score,0.9605555555555556
ccqn.score,0.9228571428571429
BIS_cog,0.9228571428571429
BIS_mot,0.9388235294117647
BIS_nonp,0.9388235294117647
BIS_tot_score,0.9388235294117647
ASIP_medical,0.9228571428571429
ASIP_employment,0.97
ASIP_alcohol_use,0.9228571428571429
ASIP_drugs_use,0.9228571428571429
ASIP_family_social,0.9228571428571429
ASIP_psychiatric,0.9228571428571429
WHODAS_TOTAL,0.475
WHODAS_TUC,0.475
WHODAS_TGA,0.475
WHODAS_TSC,0.475
WHODAS_TGAP,0.9228571428571429
WHODAS_TLA,0.475
WHODAS_TPS,0.475
