Clinicals,a,b,c
ccqg.score,0.27,0.84,0.5
ccqn.score,0.48,0.16,0.91
BIS_cog,0.13,0.8,0.75
BIS_mot,0.93,0.76,0.99
BIS_nonp,0.16,0.52,0.73
BIS_tot_score,0.46,0.81,0.76
ASIP_medical,0.64,0.86,0.64
ASIP_employment,0.93,0.35,0.58
ASIP_alcohol_use,0.5,0.82,0.83
ASIP_drugs_use,0.78,0.32,0.98
ASIP_family_social,0.29,0.13,0.85
ASIP_psychiatric,0.17,0.25,0.6
WHODAS_TOTAL,0.08,0.12,0.31
WHODAS_TUC,0.31,0.5,0.31
WHODAS_TGA,0.32,0.31,0.09
WHODAS_TSC,0.2,0.26,0.02
WHODAS_TGAP,0.82,0.53,0.57
WHODAS_TLA,0.04,0.02,0.02
WHODAS_TPS,0.17,0.21,0.14
