Clinicals,a
ccqg.score,0.6174999999999999
ccqn.score,0.98
BIS_cog,0.2533333333333333
BIS_mot,0.2533333333333333
BIS_nonp,0.5157142857142858
BIS_tot_score,0.2533333333333333
ASIP_medical,0.98
ASIP_employment,0.6174999999999999
ASIP_alcohol_use,0.5157142857142858
ASIP_drugs_use,0.6284615384615384
ASIP_family_social,0.98
ASIP_psychiatric,0.6514285714285715
WHODAS_TOTAL,0.6174999999999999
WHODAS_TUC,0.5157142857142858
WHODAS_TGA,0.5157142857142858
WHODAS_TSC,0.6174999999999999
WHODAS_TGAP,0.54625
WHODAS_TLA,0.9025
WHODAS_TPS,0.7093333333333334
