Variables,.y.,group1,group2,n1,n2,statistic,p,p.adj,p.adj.signif
Left_Accumbens_area,Values,1,2,42,63,1253,0.649,0.9791929824561404,ns
Left_Amygdala,Values,1,2,42,63,1370,0.761,0.9902285714285716,ns
Left_Caudate,Values,1,2,42,63,1323,1,1,ns
Left_Cerebellum_Cortex,Values,1,2,42,63,1412,0.563,0.9712941176470588,ns
Left_Hippocampus,Values,1,2,42,63,1270,0.731,0.9902285714285716,ns
Left_Pallidum,Values,1,2,42,63,1383,0.697,0.9902285714285716,ns
Left_Putamen,Values,1,2,42,63,1536,0.165,0.7525,ns
Left_Thalamus_Proper,Values,1,2,42,63,1406,0.589,0.9719622641509434,ns
Left_VentralDC,Values,1,2,42,63,1321,0.992,1,ns
lh_bankssts,Values,1,2,42,63,1208,0.454,0.9712941176470588,ns
lh_caudalanteriorcingulate,Values,1,2,42,63,1114,0.173,0.7525,ns
lh_caudalmiddlefrontal,Values,1,2,42,63,1365,0.786,0.9902285714285716,ns
lh_cuneus,Values,1,2,42,63,1220,0.503,0.9712941176470588,ns
lh_entorhinal,Values,1,2,42,63,1303,0.899,0.9910975609756097,ns
lh_frontalpole,Values,1,2,42,63,1477,0.315,0.873030303030303,ns
lh_fusiform,Values,1,2,42,63,954,0.0159,0.3741,ns
lh_inferiorparietal,Values,1,2,42,63,1107,0.159,0.7525,ns
lh_inferiortemporal,Values,1,2,42,63,1218,0.494,0.9712941176470588,ns
lh_insula,Values,1,2,42,63,1208,0.454,0.9712941176470588,ns
lh_isthmuscingulate,Values,1,2,42,63,1427,0.498,0.9712941176470588,ns
lh_lateraloccipital,Values,1,2,42,63,1128,0.203,0.76325,ns
lh_lateralorbitofrontal,Values,1,2,42,63,1368,0.771,0.9902285714285716,ns
lh_lingual,Values,1,2,42,63,1115,0.175,0.7525,ns
lh_medialorbitofrontal,Values,1,2,42,63,1251,0.64,0.9791929824561404,ns
lh_middletemporal,Values,1,2,42,63,1132,0.213,0.76325,ns
lh_paracentral,Values,1,2,42,63,1034,0.0592,0.5656888888888889,ns
lh_parahippocampal,Values,1,2,42,63,1268,0.721,0.9902285714285716,ns
lh_parsopercularis,Values,1,2,42,63,1155,0.273,0.8362758620689654,ns
lh_parsorbitalis,Values,1,2,42,63,1237,0.576,0.9712941176470588,ns
lh_parstriangularis,Values,1,2,42,63,1394,0.645,0.9791929824561404,ns
lh_pericalcarine,Values,1,2,42,63,1258,0.673,0.9902285714285716,ns
lh_postcentral,Values,1,2,42,63,1312,0.945,0.9910975609756097,ns
lh_posteriorcingulate,Values,1,2,42,63,1336,0.935,0.9910975609756097,ns
lh_precentral,Values,1,2,42,63,1616,0.0557,0.5656888888888889,ns
lh_precuneus,Values,1,2,42,63,1155,0.273,0.8362758620689654,ns
lh_rostralanteriorcingulate,Values,1,2,42,63,1319,0.982,1,ns
lh_rostralmiddlefrontal,Values,1,2,42,63,1149,0.256,0.8362758620689654,ns
lh_superiorfrontal,Values,1,2,42,63,1130,0.208,0.76325,ns
lh_superiorparietal,Values,1,2,42,63,1175,0.335,0.873030303030303,ns
lh_superiortemporal,Values,1,2,42,63,1293,0.847,0.9910975609756097,ns
lh_supramarginal,Values,1,2,42,63,1423,0.515,0.9712941176470588,ns
lh_temporalpole,Values,1,2,42,63,1375,0.736,0.9902285714285716,ns
lh_transversetemporal,Values,1,2,42,63,1236,0.572,0.9712941176470588,ns
rh_bankssts,Values,1,2,42,63,1361,0.806,0.9902285714285716,ns
rh_caudalanteriorcingulate,Values,1,2,42,63,1045,0.0695,0.5977,ns
rh_caudalmiddlefrontal,Values,1,2,42,63,1432,0.478,0.9712941176470588,ns
rh_cuneus,Values,1,2,42,63,1298,0.873,0.9910975609756097,ns
rh_entorhinal,Values,1,2,42,63,1148,0.254,0.8362758620689654,ns
rh_frontalpole,Values,1,2,42,63,1565.5,0.113,0.6478666666666667,ns
rh_fusiform,Values,1,2,42,63,1341,0.909,0.9910975609756097,ns
rh_inferiorparietal,Values,1,2,42,63,1488,0.282,0.8362758620689654,ns
rh_inferiortemporal,Values,1,2,42,63,1235,0.567,0.9712941176470588,ns
rh_insula,Values,1,2,42,63,1395,0.64,0.9791929824561404,ns
rh_isthmuscingulate,Values,1,2,42,63,1448,0.415,0.9712941176470588,ns
rh_lateraloccipital,Values,1,2,42,63,1032,0.0574,0.5656888888888889,ns
rh_lateralorbitofrontal,Values,1,2,42,63,1404,0.599,0.9719622641509434,ns
rh_lingual,Values,1,2,42,63,1278,0.771,0.9902285714285716,ns
rh_medialorbitofrontal,Values,1,2,42,63,1572,0.104,0.6478666666666667,ns
rh_middletemporal,Values,1,2,42,63,1578,0.096,0.6478666666666667,ns
rh_paracentral,Values,1,2,42,63,901,0.00583,0.3741,ns
rh_parahippocampal,Values,1,2,42,63,1230,0.545,0.9712941176470588,ns
rh_parsopercularis,Values,1,2,42,63,1355,0.837,0.9910975609756097,ns
rh_parsorbitalis,Values,1,2,42,63,1301,0.888,0.9910975609756097,ns
rh_parstriangularis,Values,1,2,42,63,1438,0.454,0.9712941176470588,ns
rh_pericalcarine,Values,1,2,42,63,1450,0.408,0.9712941176470588,ns
rh_postcentral,Values,1,2,42,63,1283,0.796,0.9902285714285716,ns
rh_posteriorcingulate,Values,1,2,42,63,1123,0.192,0.76325,ns
rh_precentral,Values,1,2,42,63,1338,0.924,0.9910975609756097,ns
rh_precuneus,Values,1,2,42,63,1472,0.331,0.873030303030303,ns
rh_rostralanteriorcingulate,Values,1,2,42,63,959,0.0174,0.3741,ns
rh_rostralmiddlefrontal,Values,1,2,42,63,1079,0.111,0.6478666666666667,ns
rh_superiorfrontal,Values,1,2,42,63,1291,0.837,0.9910975609756097,ns
rh_superiorparietal,Values,1,2,42,63,1307,0.919,0.9910975609756097,ns
rh_superiortemporal,Values,1,2,42,63,1364,0.791,0.9902285714285716,ns
rh_supramarginal,Values,1,2,42,63,1546,0.146,0.7525,ns
rh_temporalpole,Values,1,2,42,63,1412,0.563,0.9712941176470588,ns
rh_transversetemporal,Values,1,2,42,63,1170,0.319,0.873030303030303,ns
Right_Accumbens_area,Values,1,2,42,63,1218,0.494,0.9712941176470588,ns
Right_Amygdala,Values,1,2,42,63,1621,0.0517,0.5656888888888889,ns
Right_Caudate,Values,1,2,42,63,1422,0.519,0.9712941176470588,ns
Right_Cerebellum_Cortex,Values,1,2,42,63,1702,0.0133,0.3741,ns
Right_Hippocampus,Values,1,2,42,63,1342,0.904,0.9910975609756097,ns
Right_Pallidum,Values,1,2,42,63,1325,0.992,1,ns
Right_Putamen,Values,1,2,42,63,1006,0.0384,0.5656888888888889,ns
Right_Thalamus_Proper,Values,1,2,42,63,1574,0.101,0.6478666666666667,ns
Right_VentralDC,Values,1,2,42,63,1278,0.771,0.9902285714285716,ns
