Variables,.y.,group1,group2,n1,n2,statistic,p,p.adj,p.adj.signif
Left_Accumbens_area,Values,1,2,42,63,1248,0.626,0.8388115942028986,ns
Left_Amygdala,Values,1,2,42,63,1397,0.631,0.8388115942028986,ns
Left_Caudate,Values,1,2,42,63,1166,0.306,0.7739999999999999,ns
Left_Cerebellum_Cortex,Values,1,2,42,63,1255,0.659,0.8388115942028986,ns
Left_Hippocampus,Values,1,2,42,63,1549,0.14,0.7268387096774195,ns
Left_Pallidum,Values,1,2,42,63,1515,0.21,0.7268387096774195,ns
Left_Putamen,Values,1,2,42,63,1533,0.171,0.7268387096774195,ns
Left_Thalamus_Proper,Values,1,2,42,63,1004,0.0372,0.7268387096774195,ns
Left_VentralDC,Values,1,2,42,63,1388,0.673,0.8388115942028986,ns
lh_bankssts,Values,1,2,42,63,1318,0.977,0.9884941176470587,ns
lh_caudalanteriorcingulate,Values,1,2,42,63,1328,0.977,0.9884941176470587,ns
lh_caudalmiddlefrontal,Values,1,2,42,63,1417,0.541,0.8388115942028986,ns
lh_cuneus,Values,1,2,42,63,1180,0.351,0.8158378378378377,ns
lh_entorhinal,Values,1,2,42,63,1439,0.45,0.8388115942028986,ns
lh_frontalpole,Values,1,2,42,63,1416,0.545,0.8388115942028986,ns
lh_fusiform,Values,1,2,42,63,1516,0.208,0.7268387096774195,ns
lh_inferiorparietal,Values,1,2,42,63,1245,0.612,0.8388115942028986,ns
lh_inferiortemporal,Values,1,2,42,63,1162,0.294,0.7739999999999999,ns
lh_insula,Values,1,2,42,63,1416,0.545,0.8388115942028986,ns
lh_isthmuscingulate,Values,1,2,42,63,1468,0.345,0.8158378378378377,ns
lh_lateraloccipital,Values,1,2,42,63,1544,0.149,0.7268387096774195,ns
lh_lateralorbitofrontal,Values,1,2,42,63,1337,0.93,0.9753658536585367,ns
lh_lingual,Values,1,2,42,63,1533,0.171,0.7268387096774195,ns
lh_medialorbitofrontal,Values,1,2,42,63,1448,0.415,0.8388115942028986,ns
lh_middletemporal,Values,1,2,42,63,1150,0.259,0.7268387096774195,ns
lh_paracentral,Values,1,2,42,63,1414,0.554,0.8388115942028986,ns
lh_parahippocampal,Values,1,2,42,63,1325,0.992,0.992,ns
lh_parsopercularis,Values,1,2,42,63,1517,0.206,0.7268387096774195,ns
lh_parsorbitalis,Values,1,2,42,63,1343,0.899,0.9544938271604939,ns
lh_parstriangularis,Values,1,2,42,63,1410,0.572,0.8388115942028986,ns
lh_pericalcarine,Values,1,2,42,63,1251,0.64,0.8388115942028986,ns
lh_postcentral,Values,1,2,42,63,1281,0.786,0.9134594594594594,ns
lh_posteriorcingulate,Values,1,2,42,63,1591,0.0802,0.7268387096774195,ns
lh_precentral,Values,1,2,42,63,1360,0.811,0.9177105263157895,ns
lh_precuneus,Values,1,2,42,63,1027,0.0533,0.7268387096774195,ns
lh_rostralanteriorcingulate,Values,1,2,42,63,1224,0.519,0.8388115942028986,ns
lh_rostralmiddlefrontal,Values,1,2,42,63,1440,0.446,0.8388115942028986,ns
lh_superiorfrontal,Values,1,2,42,63,1145,0.246,0.7268387096774195,ns
lh_superiorparietal,Values,1,2,42,63,1148,0.254,0.7268387096774195,ns
lh_superiortemporal,Values,1,2,42,63,1503,0.24,0.7268387096774195,ns
lh_supramarginal,Values,1,2,42,63,1504,0.238,0.7268387096774195,ns
lh_temporalpole,Values,1,2,42,63,1443,0.434,0.8388115942028986,ns
lh_transversetemporal,Values,1,2,42,63,1405,0.594,0.8388115942028986,ns
rh_bankssts,Values,1,2,42,63,1726,0.00847,0.39345,ns
rh_caudalanteriorcingulate,Values,1,2,42,63,1224,0.519,0.8388115942028986,ns
rh_caudalmiddlefrontal,Values,1,2,42,63,1428,0.494,0.8388115942028986,ns
rh_cuneus,Values,1,2,42,63,1301,0.888,0.9544938271604939,ns
rh_entorhinal,Values,1,2,42,63,1453,0.397,0.8388115942028986,ns
rh_frontalpole,Values,1,2,42,63,1405,0.594,0.8388115942028986,ns
rh_fusiform,Values,1,2,42,63,1076,0.107,0.7268387096774195,ns
rh_inferiorparietal,Values,1,2,42,63,1346,0.883,0.9544938271604939,ns
rh_inferiortemporal,Values,1,2,42,63,1376,0.731,0.8731388888888888,ns
rh_insula,Values,1,2,42,63,1109,0.163,0.7268387096774195,ns
rh_isthmuscingulate,Values,1,2,42,63,1250,0.635,0.8388115942028986,ns
rh_lateraloccipital,Values,1,2,42,63,1246,0.617,0.8388115942028986,ns
rh_lateralorbitofrontal,Values,1,2,42,63,1502,0.243,0.7268387096774195,ns
rh_lingual,Values,1,2,42,63,1357,0.827,0.9236623376623375,ns
rh_medialorbitofrontal,Values,1,2,42,63,1011,0.0416,0.7268387096774195,ns
rh_middletemporal,Values,1,2,42,63,1361,0.806,0.9177105263157895,ns
rh_paracentral,Values,1,2,42,63,1239,0.585,0.8388115942028986,ns
rh_parahippocampal,Values,1,2,42,63,1389,0.668,0.8388115942028986,ns
rh_parsopercularis,Values,1,2,42,63,1125,0.196,0.7268387096774195,ns
rh_parsorbitalis,Values,1,2,42,63,1522,0.194,0.7268387096774195,ns
rh_parstriangularis,Values,1,2,42,63,1270,0.731,0.8731388888888888,ns
rh_pericalcarine,Values,1,2,42,63,1215,0.482,0.8388115942028986,ns
rh_postcentral,Values,1,2,42,63,1252,0.645,0.8388115942028986,ns
rh_posteriorcingulate,Values,1,2,42,63,1414,0.554,0.8388115942028986,ns
rh_precentral,Values,1,2,42,63,1122,0.19,0.7268387096774195,ns
rh_precuneus,Values,1,2,42,63,1256,0.664,0.8388115942028986,ns
rh_rostralanteriorcingulate,Values,1,2,42,63,1257,0.668,0.8388115942028986,ns
rh_rostralmiddlefrontal,Values,1,2,42,63,1317,0.971,0.9884941176470587,ns
rh_superiorfrontal,Values,1,2,42,63,1121,0.188,0.7268387096774195,ns
rh_superiorparietal,Values,1,2,42,63,1250,0.635,0.8388115942028986,ns
rh_superiortemporal,Values,1,2,42,63,1255,0.659,0.8388115942028986,ns
rh_supramarginal,Values,1,2,42,63,1151,0.262,0.7268387096774195,ns
rh_temporalpole,Values,1,2,42,63,1520,0.199,0.7268387096774195,ns
rh_transversetemporal,Values,1,2,42,63,924,0.00915,0.39345,ns
Right_Accumbens_area,Values,1,2,42,63,1514,0.213,0.7268387096774195,ns
Right_Amygdala,Values,1,2,42,63,1514,0.213,0.7268387096774195,ns
Right_Caudate,Values,1,2,42,63,1379,0.717,0.8731388888888888,ns
Right_Cerebellum_Cortex,Values,1,2,42,63,1301,0.888,0.9544938271604939,ns
Right_Hippocampus,Values,1,2,42,63,1172,0.325,0.7985714285714286,ns
Right_Pallidum,Values,1,2,42,63,1276,0.761,0.8965205479452055,ns
Right_Putamen,Values,1,2,42,63,1146,0.248,0.7268387096774195,ns
Right_Thalamus_Proper,Values,1,2,42,63,1165,0.303,0.7739999999999999,ns
Right_VentralDC,Values,1,2,42,63,1110,0.165,0.7268387096774195,ns
