struc_names,z_stat,p_value,p_fdr
FrontalPole_R,-0.6814815949689732,0.5102,0.9406545454545455
FrontalPole_L,-0.9515568927265646,0.3385,0.9406545454545455
InsularCortex_R,-0.58884393104666,0.5637,0.9406545454545455
InsularCortex_L,-0.6340751690233298,0.5244,0.9406545454545455
SuperiorFrontalGyrus_R,0.3887389144937495,0.6982,0.9576
SuperiorFrontalGyrus_L,-0.07307326797120568,0.9438,0.9869481481481481
MiddleFrontalGyrus_R,-0.45454823808300443,0.6437,0.9406545454545455
MiddleFrontalGyrus_L,-1.388125276276414,0.168,0.9406545454545455
InferiorFrontalGyrusparstriangularis_R,-1.2670802095691978,0.2087,0.9406545454545455
InferiorFrontalGyrusparstriangularis_L,-2.8471327859300355,0.0049,0.2744
InferiorFrontalGyrusparsopercularis_R,-0.46657723745272195,0.6401,0.9406545454545455
InferiorFrontalGyrusparsopercularis_L,-2.058347107389832,0.0357,0.6197333333333334
PrecentralGyrus_R,-0.6241977114671711,0.5395,0.9406545454545455
PrecentralGyrus_L,-0.45850773028769154,0.6411,0.9406545454545455
TemporalPole_R,0.7259376622596508,0.4782,0.9406545454545455
TemporalPole_L,-0.48524978589834494,0.6327,0.9406545454545455
SuperiorTemporalGyrusanteriordivision_R,-0.3864985421862891,0.7011,0.9576
SuperiorTemporalGyrusanteriordivision_L,0.17769921142295259,0.8631,0.9705920000000001
SuperiorTemporalGyrusposteriordivision_R,-0.6062509569152779,0.5428,0.9406545454545455
SuperiorTemporalGyrusposteriordivision_L,-1.0175744669114637,0.3132,0.9406545454545455
MiddleTemporalGyrusanteriordivision_R,2.093082040253959,0.0359,0.6197333333333334
MiddleTemporalGyrusanteriordivision_L,1.0114602660624372,0.3173,0.9406545454545455
MiddleTemporalGyrusposteriordivision_R,0.882084479939499,0.3809,0.9406545454545455
MiddleTemporalGyrusposteriordivision_L,0.044711931386785295,0.9653,0.991867889908257
MiddleTemporalGyrustemporooccipitalpart_R,0.4944582765699633,0.6267,0.9406545454545455
MiddleTemporalGyrustemporooccipitalpart_L,-0.5792495145059576,0.5694,0.9406545454545455
InferiorTemporalGyrusanteriordivision_R,0.819911510597769,0.4143,0.9406545454545455
InferiorTemporalGyrusanteriordivision_L,-0.4116503676244666,0.6768,0.9576
InferiorTemporalGyrusposteriordivision_R,-0.2529301297147095,0.7966,0.9705920000000001
InferiorTemporalGyrusposteriordivision_L,-0.18607581575193266,0.852,0.9705920000000001
InferiorTemporalGyrustemporooccipitalpart_R,-0.6209282882990514,0.5443,0.9406545454545455
InferiorTemporalGyrustemporooccipitalpart_L,-0.7105786871894914,0.4766,0.9406545454545455
PostcentralGyrus_R,0.1666176982225286,0.8658,0.9705920000000001
PostcentralGyrus_L,0.590117474197439,0.5575,0.9406545454545455
SuperiorParietalLobule_R,0.34027499852667537,0.7284,0.9616551724137931
SuperiorParietalLobule_L,1.3498227620198464,0.1776,0.9406545454545455
SupramarginalGyrusanteriordivision_R,-1.1014436519117785,0.27,0.9406545454545455
SupramarginalGyrusanteriordivision_L,-0.7457902250616155,0.4591,0.9406545454545455
SupramarginalGyrusposteriordivision_R,-1.5496783079490901,0.124,0.9258666666666667
SupramarginalGyrusposteriordivision_L,-2.0194041358541286,0.0424,0.6197333333333334
AngularGyrus_R,0.8820878459322996,0.3854,0.9406545454545455
AngularGyrus_L,0.1850095342646488,0.8524,0.9705920000000001
LateralOccipitalCortexsuperiordivision_R,-0.8254148291662018,0.4105,0.9406545454545455
LateralOccipitalCortexsuperiordivision_L,-1.0083944420073516,0.3098,0.9406545454545455
LateralOccipitalCortexinferiordivision_R,-0.11117694728436786,0.9082,0.9714415094339622
LateralOccipitalCortexinferiordivision_L,-0.11368780888877815,0.9126,0.9714415094339622
IntracalcarineCortex_R,-0.2165323978839771,0.8264,0.9705920000000001
IntracalcarineCortex_L,-0.008849297511043954,0.9921,0.9921
FrontalMedialCortex_R,0.8460095068100427,0.3996,0.9406545454545455
FrontalMedialCortex_L,0.5054112858320235,0.6133,0.9406545454545455
JuxtapositionalLobuleCortex_R,-0.06179876127671519,0.9517,0.9869481481481481
JuxtapositionalLobuleCortex_L,0.016861261643125666,0.9849,0.9921
SubcallosalCortex_R,0.01762383967084223,0.9857,0.9921
SubcallosalCortex_L,0.4727246101565877,0.6467,0.9406545454545455
ParacingulateGyrus_R,-0.6227994899490704,0.5327,0.9406545454545455
ParacingulateGyrus_L,-0.7137148402375093,0.4709,0.9406545454545455
CingulateGyrusanteriordivision_R,-0.33931408028696536,0.738,0.9616551724137931
CingulateGyrusanteriordivision_L,-0.2881251896875611,0.7741,0.9705920000000001
CingulateGyrusposteriordivision_R,1.97545530232072,0.0471,0.6197333333333334
CingulateGyrusposteriordivision_L,0.920034477619563,0.3627,0.9406545454545455
PrecuneousCortex_R,1.6204886966605199,0.1028,0.8296
PrecuneousCortex_L,0.6280892698078512,0.533,0.9406545454545455
CunealCortex_R,0.9304467916033495,0.3536,0.9406545454545455
CunealCortex_L,-0.48212702259618523,0.6296,0.9406545454545455
FrontalOrbitalCortex_R,-1.3648301476224762,0.168,0.9406545454545455
FrontalOrbitalCortex_L,-2.004931743359697,0.0433,0.6197333333333334
ParahippocampalGyrusanteriordivision_R,0.2682894531280957,0.7942,0.9705920000000001
ParahippocampalGyrusanteriordivision_L,0.3926158331245987,0.6992,0.9576
ParahippocampalGyrusposteriordivision_R,0.5923252649519056,0.5553,0.9406545454545455
ParahippocampalGyrusposteriordivision_L,0.11056695146886351,0.9107,0.9714415094339622
LingualGyrus_R,0.47243956662203807,0.6432,0.9406545454545455
LingualGyrus_L,0.31715919973384243,0.7436,0.9616551724137931
TemporalFusiformCortexanteriordivision_R,1.357338722787376,0.177,0.9406545454545455
TemporalFusiformCortexanteriordivision_L,1.290441223631535,0.2048,0.9406545454545455
TemporalFusiformCortexposteriordivision_R,0.3014254925948537,0.7656,0.9705920000000001
TemporalFusiformCortexposteriordivision_L,0.42560805871117385,0.6701,0.9576
TemporalOccipitalFusiformCortex_R,-1.4788780379426063,0.1425,0.9406545454545455
TemporalOccipitalFusiformCortex_L,-0.9090936053650059,0.3633,0.9406545454545455
OccipitalFusiformGyrus_R,-0.7801462509539847,0.4352,0.9406545454545455
OccipitalFusiformGyrus_L,-1.7034032887784611,0.0921,0.8296
FrontalOperculumCortex_R,-1.931292776223413,0.0498,0.6197333333333334
FrontalOperculumCortex_L,-1.3133958624672888,0.1887,0.9406545454545455
CentralOpercularCortex_R,-0.14371759287471456,0.8818,0.9714415094339622
CentralOpercularCortex_L,0.988010972692144,0.3174,0.9406545454545455
ParietalOperculumCortex_R,0.7638958858212279,0.4495,0.9406545454545455
ParietalOperculumCortex_L,1.0066306539697119,0.3156,0.9406545454545455
PlanumPolare_R,-0.8007336596701004,0.4278,0.9406545454545455
PlanumPolare_L,-0.9059465746069225,0.367,0.9406545454545455
HeschlsGyrus_R,-0.7901373684743909,0.4412,0.9406545454545455
HeschlsGyrus_L,-0.48638276899449445,0.6305,0.9406545454545455
PlanumTemporale_R,0.17253407712788327,0.8666,0.9705920000000001
PlanumTemporale_L,-0.6068419806520325,0.5539,0.9406545454545455
SupracalcarineCortex_R,0.10757043821646649,0.9159,0.9714415094339622
SupracalcarineCortex_L,0.4683460925903665,0.6421,0.9406545454545455
OccipitalPole_R,-0.10579437006847353,0.9194,0.9714415094339622
OccipitalPole_L,-0.35634688271877046,0.7141,0.9616551724137931
Brain_Stem_R,1.0550738705729992,0.2887,0.9406545454545455
Brain_Stem_L,0.8202634886019186,0.4054,0.9406545454545455
Thalamus_R,-1.1807765389418095,0.2327,0.9406545454545455
Thalamus_L,-1.7627942246036603,0.0764,0.7778909090909091
Caudate_R,-1.9732009795017442,0.0466,0.6197333333333334
Caudate_L,-3.618463553467539,3e-4,0.0336
Putamen_R,-1.8800184244640863,0.0605,0.6776
Putamen_L,-1.1484736216186955,0.2548,0.9406545454545455
Pallidum_R,-0.18355664166004554,0.8499,0.9705920000000001
Pallidum_L,-0.24287769122010328,0.807,0.9705920000000001
Hippocampus_R,1.6339128691746019,0.1037,0.8296
Hippocampus_L,0.23773598581472313,0.8206,0.9705920000000001
Amygdala_R,-0.8768780285022126,0.3744,0.9406545454545455
Amygdala_L,-0.9271540066274364,0.3597,0.9406545454545455
Accumbens_R,-0.4904720762722374,0.6251,0.9406545454545455
Accumbens_L,0.3276804756742824,0.747,0.9616551724137931
