variable,statistic,p.value,Regions
.,0.9818261677758237,0.16026868352051674,FrontalPole_R
.,0.9824066102349575,0.17848481654149595,FrontalPole_L
.,0.9892939317994935,0.5728673562715487,InsularCortex_R
.,0.9842436529644781,0.24956480519128466,InsularCortex_L
.,0.9816732375235964,0.1557706987754594,SuperiorFrontalGyrus_R
.,0.9760001038328767,0.053496657795844095,SuperiorFrontalGyrus_L
.,0.9720618186832735,0.025598470222831394,MiddleFrontalGyrus_R
.,0.9828263294698761,0.1928484595895525,MiddleFrontalGyrus_L
.,0.9705867610492254,0.0194962259356348,InferiorFrontalGyrusparstriangularis_R
.,0.9839307022670659,0.23588396348065035,InferiorFrontalGyrusparstriangularis_L
.,0.9789679521442041,0.09371090303361619,InferiorFrontalGyrusparsopercularis_R
.,0.9900702806357465,0.6372509623306634,InferiorFrontalGyrusparsopercularis_L
.,0.9705663017870794,0.01942306189354769,PrecentralGyrus_R
.,0.979812778422861,0.10990114968498399,PrecentralGyrus_L
.,0.9791791030680259,0.09752203964209735,TemporalPole_R
.,0.9725383839717271,0.027966559965969376,TemporalPole_L
.,0.9867338869301282,0.3846792575887792,SuperiorTemporalGyrusanteriordivision_R
.,0.9684404186803516,0.013177896955555235,SuperiorTemporalGyrusanteriordivision_L
.,0.9808167612971931,0.13272832893521502,SuperiorTemporalGyrusposteriordivision_R
.,0.9904208282519027,0.666789008987559,SuperiorTemporalGyrusposteriordivision_L
.,0.9711096227670745,0.021465998888498903,MiddleTemporalGyrusanteriordivision_R
.,0.9736084947709949,0.03414054235117892,MiddleTemporalGyrusanteriordivision_L
.,0.9842466639694818,0.24969978591109573,MiddleTemporalGyrusposteriordivision_R
.,0.9813583727149535,0.14688592708774542,MiddleTemporalGyrusposteriordivision_L
.,0.9857140146264668,0.32349103275226543,MiddleTemporalGyrustemporooccipitalpart_R
.,0.9898360984783414,0.6176336379055993,MiddleTemporalGyrustemporooccipitalpart_L
.,0.9786640962867683,0.08848400553320943,InferiorTemporalGyrusanteriordivision_R
.,0.9670893859000883,0.010329295000450203,InferiorTemporalGyrusanteriordivision_L
.,0.9781677136254721,0.0805614089267771,InferiorTemporalGyrusposteriordivision_R
.,0.9848378367418067,0.2774754514664413,InferiorTemporalGyrusposteriordivision_L
.,0.9727283539282825,0.028972352282737326,InferiorTemporalGyrustemporooccipitalpart_R
.,0.9861899800961137,0.3510120741530729,InferiorTemporalGyrustemporooccipitalpart_L
.,0.9619496581958159,0.004182828272957618,PostcentralGyrus_R
.,0.968807128956495,0.014084241451241923,PostcentralGyrus_L
.,0.9810135160720991,0.13771237210186502,SuperiorParietalLobule_R
.,0.9658885968402071,0.00833566069531651,SuperiorParietalLobule_L
.,0.9808330254827152,0.13313362618867944,SupramarginalGyrusanteriordivision_R
.,0.9839754525887774,0.23779834103851746,SupramarginalGyrusanteriordivision_L
.,0.9805560423608961,0.12639205792609548,SupramarginalGyrusposteriordivision_R
.,0.9814127815684862,0.14838578673908515,SupramarginalGyrusposteriordivision_L
.,0.9737816165502188,0.03526370354687856,AngularGyrus_R
.,0.9771686937552568,0.06670025667233394,AngularGyrus_L
.,0.9709547258561294,0.020861889685724288,LateralOccipitalCortexsuperiordivision_R
.,0.9710974434201084,0.021417850390702545,LateralOccipitalCortexsuperiordivision_L
.,0.9818297618719768,0.16037586315574828,LateralOccipitalCortexinferiordivision_R
.,0.9846797591490817,0.2697968211823528,LateralOccipitalCortexinferiordivision_L
.,0.9844771070808943,0.26022332968974105,IntracalcarineCortex_R
.,0.9872285947399488,0.41734837095442323,IntracalcarineCortex_L
.,0.9853448209771831,0.30337746440754354,FrontalMedialCortex_R
.,0.9778719582239083,0.07618147009521606,FrontalMedialCortex_L
.,0.9622266869711691,0.004387589009691948,JuxtapositionalLobuleCortex_R
.,0.9671708354218913,0.010481370665364491,JuxtapositionalLobuleCortex_L
.,0.9748622367948562,0.043182802086611086,SubcallosalCortex_R
.,0.967457223478981,0.01103485692301003,SubcallosalCortex_L
.,0.9775065892502952,0.07109810427417444,ParacingulateGyrus_R
.,0.9897406501785819,0.6096784520868183,ParacingulateGyrus_L
.,0.9783573860630699,0.08350169378968106,CingulateGyrusanteriordivision_R
.,0.9853397660079654,0.3031094609990159,CingulateGyrusanteriordivision_L
.,0.9791146422937467,0.09634259397063542,CingulateGyrusposteriordivision_R
.,0.9849178624327313,0.2814340178276712,CingulateGyrusposteriordivision_L
.,0.9808423100779796,0.13336553083150235,PrecuneousCortex_R
.,0.9821080496726211,0.16888407977451247,PrecuneousCortex_L
.,0.9927218275999063,0.851317816426185,CunealCortex_R
.,0.9836724967402681,0.22510592803376464,CunealCortex_L
.,0.9859741096030511,0.33830648951674913,FrontalOrbitalCortex_R
.,0.9878174488657876,0.45870920218633765,FrontalOrbitalCortex_L
.,0.9553913242300697,0.00139193352786611,ParahippocampalGyrusanteriordivision_R
.,0.9780023719039435,0.07808269475950849,ParahippocampalGyrusanteriordivision_L
.,0.9802429091742774,0.1191694991407551,ParahippocampalGyrusposteriordivision_R
.,0.9823424961488098,0.17638085197964506,ParahippocampalGyrusposteriordivision_L
.,0.9819671175812037,0.16452327582332785,LingualGyrus_R
.,0.9803999024989384,0.12273894064379033,LingualGyrus_L
.,0.9829140775403042,0.19598413476676008,TemporalFusiformCortexanteriordivision_R
.,0.9873441880091031,0.4252587873707696,TemporalFusiformCortexanteriordivision_L
.,0.986949624169939,0.3986879377970489,TemporalFusiformCortexposteriordivision_R
.,0.978672389693639,0.08862275239850512,TemporalFusiformCortexposteriordivision_L
.,0.9866718369451747,0.38071877105074686,TemporalOccipitalFusiformCortex_R
.,0.9765544942061508,0.05939499316510678,TemporalOccipitalFusiformCortex_L
.,0.9875090885194289,0.43672180789447057,OccipitalFusiformGyrus_R
.,0.9777753429239563,0.0748028905448729,OccipitalFusiformGyrus_L
.,0.979625885312256,0.1060976330913172,FrontalOperculumCortex_R
.,0.9785638544385276,0.08682395157171784,FrontalOperculumCortex_L
.,0.9853151115498187,0.3018051765081215,CentralOpercularCortex_R
.,0.980396407020643,0.12265834515821687,CentralOpercularCortex_L
.,0.9900802823254562,0.6380914178306616,ParietalOperculumCortex_R
.,0.9833949062687826,0.21401708222640836,ParietalOperculumCortex_L
.,0.981614776039522,0.15408318324228285,PlanumPolare_R
.,0.9822145637967099,0.17225205469733001,PlanumPolare_L
.,0.9785567249376277,0.08670706945639081,HeschlsGyrus_R
.,0.9688636116575299,0.014229493144712698,HeschlsGyrus_L
.,0.9894100950278719,0.5823640225760293,PlanumTemporale_R
.,0.98721675711676,0.4165441479701485,PlanumTemporale_L
.,0.9888040044378205,0.5335322082599374,SupracalcarineCortex_R
.,0.994715253134022,0.9602845734311792,SupracalcarineCortex_L
.,0.9879646322250142,0.46945108770142613,OccipitalPole_R
.,0.9878852569654841,0.4636385622198824,OccipitalPole_L
.,0.984705668293887,0.2710426154620253,Brain_Stem_R
.,0.97969580162999,0.10750514433235532,Brain_Stem_L
.,0.9873955902238918,0.4288096135550741,Thalamus_R
.,0.9840044005503628,0.23904409717911848,Thalamus_L
.,0.9701140453450544,0.017876295519929437,Caudate_R
.,0.9761878489857336,0.05542465326446655,Caudate_L
.,0.9740356632568373,0.036980808361253906,Putamen_R
.,0.9848176425328303,0.27648412256056054,Putamen_L
.,0.979630494425277,0.10618986074346425,Pallidum_R
.,0.9914199748209668,0.7505047852610015,Pallidum_L
.,0.9652703617742724,0.007470015683059634,Hippocampus_R
.,0.983745529405154,0.22810855547522163,Hippocampus_L
.,0.9869853364178643,0.40104252201478285,Amygdala_R
.,0.9832838067166988,0.20972016915265912,Amygdala_L
.,0.9771600348827983,0.06659122427968,Accumbens_R
.,0.9749290366651321,0.04372822793970068,Accumbens_L
