Variables,.y.,group1,group2,n1,n2,statistic,p,p.adj,p.adj.signif
Accumbens_L,Values,1,2,42,63,1273.5,0.749,0.9606597938144329,ns
Accumbens_R,Values,1,2,42,63,1390.5,0.661,0.9606597938144329,ns
Amygdala_L,Values,1,2,42,63,1491,0.273,0.9606597938144329,ns
Amygdala_R,Values,1,2,42,63,1479,0.309,0.9606597938144329,ns
AngularGyrus_L,Values,1,2,42,63,1338,0.924,0.9696296296296296,ns
AngularGyrus_R,Values,1,2,42,63,1222,0.511,0.9606597938144329,ns
Brain_Stem_L,Values,1,2,42,63,1239,0.585,0.9606597938144329,ns
Brain_Stem_R,Values,1,2,42,63,1183,0.362,0.9606597938144329,ns
Caudate_L,Values,1,2,42,63,1880,2.73e-4,0.030576000000000002,*
Caudate_R,Values,1,2,42,63,1613,0.0583,0.7934769230769231,ns
CentralOpercularCortex_L,Values,1,2,42,63,1158,0.282,0.9606597938144329,ns
CentralOpercularCortex_R,Values,1,2,42,63,1345,0.888,0.9696296296296296,ns
CingulateGyrusanteriordivision_L,Values,1,2,42,63,1363,0.796,0.9606597938144329,ns
CingulateGyrusanteriordivision_R,Values,1,2,42,63,1364,0.791,0.9606597938144329,ns
CingulateGyrusposteriordivision_L,Values,1,2,42,63,1212,0.47,0.9606597938144329,ns
CingulateGyrusposteriordivision_R,Values,1,2,42,63,1032,0.0574,0.7934769230769231,ns
CunealCortex_L,Values,1,2,42,63,1433,0.474,0.9606597938144329,ns
CunealCortex_R,Values,1,2,42,63,1229,0.541,0.9606597938144329,ns
FrontalMedialCortex_L,Values,1,2,42,63,1265,0.707,0.9606597938144329,ns
FrontalMedialCortex_R,Values,1,2,42,63,1226,0.528,0.9606597938144329,ns
FrontalOperculumCortex_L,Values,1,2,42,63,1519,0.201,0.9606597938144329,ns
FrontalOperculumCortex_R,Values,1,2,42,63,1588,0.0836,0.7934769230769231,ns
FrontalOrbitalCortex_L,Values,1,2,42,63,1611,0.06,0.7934769230769231,ns
FrontalOrbitalCortex_R,Values,1,2,42,63,1513,0.215,0.9606597938144329,ns
FrontalPole_L,Values,1,2,42,63,1515,0.21,0.9606597938144329,ns
FrontalPole_R,Values,1,2,42,63,1463,0.362,0.9606597938144329,ns
HeschlsGyrus_L,Values,1,2,42,63,1379,0.717,0.9606597938144329,ns
HeschlsGyrus_R,Values,1,2,42,63,1461,0.368,0.9606597938144329,ns
Hippocampus_L,Values,1,2,42,63,1284,0.801,0.9606597938144329,ns
Hippocampus_R,Values,1,2,42,63,1065,0.0921,0.7934769230769231,ns
InferiorFrontalGyrusparsopercularis_L,Values,1,2,42,63,1586,0.086,0.7934769230769231,ns
InferiorFrontalGyrusparsopercularis_R,Values,1,2,42,63,1386,0.683,0.9606597938144329,ns
InferiorFrontalGyrusparstriangularis_L,Values,1,2,42,63,1738,0.0067,0.37520000000000003,ns
InferiorFrontalGyrusparstriangularis_R,Values,1,2,42,63,1480,0.306,0.9606597938144329,ns
InferiorTemporalGyrusanteriordivision_L,Values,1,2,42,63,1416,0.545,0.9606597938144329,ns
InferiorTemporalGyrusanteriordivision_R,Values,1,2,42,63,1234,0.563,0.9606597938144329,ns
InferiorTemporalGyrusposteriordivision_L,Values,1,2,42,63,1405,0.594,0.9606597938144329,ns
InferiorTemporalGyrusposteriordivision_R,Values,1,2,42,63,1377,0.726,0.9606597938144329,ns
InferiorTemporalGyrustemporooccipitalpart_L,Values,1,2,42,63,1398,0.626,0.9606597938144329,ns
InferiorTemporalGyrustemporooccipitalpart_R,Values,1,2,42,63,1385,0.687,0.9606597938144329,ns
InsularCortex_L,Values,1,2,42,63,1422,0.519,0.9606597938144329,ns
InsularCortex_R,Values,1,2,42,63,1374,0.741,0.9606597938144329,ns
IntracalcarineCortex_L,Values,1,2,42,63,1329,0.971,0.9886545454545453,ns
IntracalcarineCortex_R,Values,1,2,42,63,1401,0.612,0.9606597938144329,ns
JuxtapositionalLobuleCortex_L,Values,1,2,42,63,1356,0.832,0.9606597938144329,ns
JuxtapositionalLobuleCortex_R,Values,1,2,42,63,1389,0.668,0.9606597938144329,ns
LateralOccipitalCortexinferiordivision_L,Values,1,2,42,63,1337,0.93,0.9696296296296296,ns
LateralOccipitalCortexinferiordivision_R,Values,1,2,42,63,1345,0.888,0.9696296296296296,ns
LateralOccipitalCortexsuperiordivision_L,Values,1,2,42,63,1468,0.345,0.9606597938144329,ns
LateralOccipitalCortexsuperiordivision_R,Values,1,2,42,63,1425,0.507,0.9606597938144329,ns
LingualGyrus_L,Values,1,2,42,63,1275,0.756,0.9606597938144329,ns
LingualGyrus_R,Values,1,2,42,63,1257,0.668,0.9606597938144329,ns
MiddleFrontalGyrus_L,Values,1,2,42,63,1551,0.137,0.9606597938144329,ns
MiddleFrontalGyrus_R,Values,1,2,42,63,1450,0.408,0.9606597938144329,ns
MiddleTemporalGyrusanteriordivision_L,Values,1,2,42,63,1173,0.328,0.9606597938144329,ns
MiddleTemporalGyrusanteriordivision_R,Values,1,2,42,63,1048,0.0726,0.7934769230769231,ns
MiddleTemporalGyrusposteriordivision_L,Values,1,2,42,63,1322,0.997,1,ns
MiddleTemporalGyrusposteriordivision_R,Values,1,2,42,63,1197,0.412,0.9606597938144329,ns
MiddleTemporalGyrustemporooccipitalpart_L,Values,1,2,42,63,1434,0.47,0.9606597938144329,ns
MiddleTemporalGyrustemporooccipitalpart_R,Values,1,2,42,63,1280,0.781,0.9606597938144329,ns
OccipitalFusiformGyrus_L,Values,1,2,42,63,1585,0.0872,0.7934769230769231,ns
OccipitalFusiformGyrus_R,Values,1,2,42,63,1420,0.528,0.9606597938144329,ns
OccipitalPole_L,Values,1,2,42,63,1365,0.786,0.9606597938144329,ns
OccipitalPole_R,Values,1,2,42,63,1363,0.796,0.9606597938144329,ns
Pallidum_L,Values,1,2,42,63,1367,0.776,0.9606597938144329,ns
Pallidum_R,Values,1,2,42,63,1332.5,0.953,0.9792293577981651,ns
ParacingulateGyrus_L,Values,1,2,42,63,1485,0.291,0.9606597938144329,ns
ParacingulateGyrus_R,Values,1,2,42,63,1426,0.503,0.9606597938144329,ns
ParahippocampalGyrusanteriordivision_L,Values,1,2,42,63,1260,0.683,0.9606597938144329,ns
ParahippocampalGyrusanteriordivision_R,Values,1,2,42,63,1294.5,0.855,0.9654400000000001,ns
ParahippocampalGyrusposteriordivision_L,Values,1,2,42,63,1336.5,0.932,0.9696296296296296,ns
ParahippocampalGyrusposteriordivision_R,Values,1,2,42,63,1263,0.697,0.9606597938144329,ns
ParietalOperculumCortex_L,Values,1,2,42,63,1205,0.442,0.9606597938144329,ns
ParietalOperculumCortex_R,Values,1,2,42,63,1203,0.434,0.9606597938144329,ns
PlanumPolare_L,Values,1,2,42,63,1488,0.282,0.9606597938144329,ns
PlanumPolare_R,Values,1,2,42,63,1418,0.536,0.9606597938144329,ns
PlanumTemporale_L,Values,1,2,42,63,1417,0.541,0.9606597938144329,ns
PlanumTemporale_R,Values,1,2,42,63,1341,0.909,0.9696296296296296,ns
PostcentralGyrus_L,Values,1,2,42,63,1287,0.816,0.9606597938144329,ns
PostcentralGyrus_R,Values,1,2,42,63,1354,0.842,0.9622857142857142,ns
PrecentralGyrus_L,Values,1,2,42,63,1399,0.621,0.9606597938144329,ns
PrecentralGyrus_R,Values,1,2,42,63,1421,0.524,0.9606597938144329,ns
PrecuneousCortex_L,Values,1,2,42,63,1244,0.608,0.9606597938144329,ns
PrecuneousCortex_R,Values,1,2,42,63,1110,0.165,0.9606597938144329,ns
Putamen_L,Values,1,2,42,63,1491,0.273,0.9606597938144329,ns
Putamen_R,Values,1,2,42,63,1635,0.0416,0.7934769230769231,ns
SubcallosalCortex_L,Values,1,2,42,63,1258,0.673,0.9606597938144329,ns
SubcallosalCortex_R,Values,1,2,42,63,1310,0.935,0.9696296296296296,ns
SuperiorFrontalGyrus_L,Values,1,2,42,63,1289,0.827,0.9606597938144329,ns
SuperiorFrontalGyrus_R,Values,1,2,42,63,1262,0.692,0.9606597938144329,ns
SuperiorParietalLobule_L,Values,1,2,42,63,1167,0.309,0.9606597938144329,ns
SuperiorParietalLobule_R,Values,1,2,42,63,1287,0.816,0.9606597938144329,ns
SuperiorTemporalGyrusanteriordivision_L,Values,1,2,42,63,1350,0.862,0.9654400000000001,ns
SuperiorTemporalGyrusanteriordivision_R,Values,1,2,42,63,1411,0.567,0.9606597938144329,ns
SuperiorTemporalGyrusposteriordivision_L,Values,1,2,42,63,1456,0.386,0.9606597938144329,ns
SuperiorTemporalGyrusposteriordivision_R,Values,1,2,42,63,1472,0.331,0.9606597938144329,ns
SupracalcarineCortex_L,Values,1,2,42,63,1323,1,1,ns
SupracalcarineCortex_R,Values,1,2,42,63,1303,0.899,0.9696296296296296,ns
SupramarginalGyrusanteriordivision_L,Values,1,2,42,63,1439,0.45,0.9606597938144329,ns
SupramarginalGyrusanteriordivision_R,Values,1,2,42,63,1465,0.355,0.9606597938144329,ns
SupramarginalGyrusposteriordivision_L,Values,1,2,42,63,1607,0.0637,0.7934769230769231,ns
SupramarginalGyrusposteriordivision_R,Values,1,2,42,63,1561,0.12,0.96,ns
TemporalFusiformCortexanteriordivision_L,Values,1,2,42,63,1143,0.24,0.9606597938144329,ns
TemporalFusiformCortexanteriordivision_R,Values,1,2,42,63,1133.5,0.216,0.9606597938144329,ns
TemporalFusiformCortexposteriordivision_L,Values,1,2,42,63,1252,0.645,0.9606597938144329,ns
TemporalFusiformCortexposteriordivision_R,Values,1,2,42,63,1273,0.746,0.9606597938144329,ns
TemporalOccipitalFusiformCortex_L,Values,1,2,42,63,1458,0.379,0.9606597938144329,ns
TemporalOccipitalFusiformCortex_R,Values,1,2,42,63,1539,0.159,0.9606597938144329,ns
TemporalPole_L,Values,1,2,42,63,1411,0.567,0.9606597938144329,ns
TemporalPole_R,Values,1,2,42,63,1236,0.572,0.9606597938144329,ns
Thalamus_L,Values,1,2,42,63,1586.5,0.0854,0.7934769230769231,ns
Thalamus_R,Values,1,2,42,63,1497,0.256,0.9606597938144329,ns
