struc_names,z_stat,p_value,p_fdr
FrontalPole_R,-0.3006114779400841,0.7559,0.9806678899082569
FrontalPole_L,-1.0265863032429907,0.3022,0.9806678899082569
InsularCortex_R,-0.20764059699971915,0.8289,0.9806678899082569
InsularCortex_L,-0.48196921815002225,0.6282,0.9806678899082569
SuperiorFrontalGyrus_R,-0.004375747692917209,0.9966,0.9966
SuperiorFrontalGyrus_L,-0.2460980550436976,0.8065,0.9806678899082569
MiddleFrontalGyrus_R,-0.5503212933434468,0.5828,0.9806678899082569
MiddleFrontalGyrus_L,-0.4763677276084856,0.6304,0.9806678899082569
InferiorFrontalGyrusparstriangularis_R,-1.1388813463362892,0.2584,0.9806678899082569
InferiorFrontalGyrusparstriangularis_L,-0.4835249677253022,0.6264,0.9806678899082569
InferiorFrontalGyrusparsopercularis_R,-0.9544138211291888,0.3436,0.9806678899082569
InferiorFrontalGyrusparsopercularis_L,-0.949581036036777,0.3465,0.9806678899082569
PrecentralGyrus_R,0.4575132536229133,0.6425,0.9806678899082569
PrecentralGyrus_L,-0.03722512595303313,0.9715,0.9891636363636362
TemporalPole_R,0.2601578884821231,0.7919,0.9806678899082569
TemporalPole_L,0.7771330002109419,0.4394,0.9806678899082569
SuperiorTemporalGyrusanteriordivision_R,0.7971354760529258,0.4334,0.9806678899082569
SuperiorTemporalGyrusanteriordivision_L,0.49234090812374487,0.624,0.9806678899082569
SuperiorTemporalGyrusposteriordivision_R,0.4273225224536281,0.6666,0.9806678899082569
SuperiorTemporalGyrusposteriordivision_L,0.12563058379823383,0.9001,0.9806678899082569
MiddleTemporalGyrusanteriordivision_R,-0.36670790873898595,0.7162,0.9806678899082569
MiddleTemporalGyrusanteriordivision_L,0.2285944753759724,0.8229,0.9806678899082569
MiddleTemporalGyrusposteriordivision_R,0.3843117464698401,0.7011,0.9806678899082569
MiddleTemporalGyrusposteriordivision_L,-0.23134771144559732,0.8205,0.9806678899082569
MiddleTemporalGyrustemporooccipitalpart_R,-0.542405774795486,0.5965,0.9806678899082569
MiddleTemporalGyrustemporooccipitalpart_L,-0.27386520074112886,0.7858,0.9806678899082569
InferiorTemporalGyrusanteriordivision_R,0.8475320428705871,0.4025,0.9806678899082569
InferiorTemporalGyrusanteriordivision_L,0.5789983284287772,0.5615,0.9806678899082569
InferiorTemporalGyrusposteriordivision_R,-0.6871528237458583,0.4917,0.9806678899082569
InferiorTemporalGyrusposteriordivision_L,0.1460979489307805,0.8877,0.9806678899082569
InferiorTemporalGyrustemporooccipitalpart_R,-0.8019682342711173,0.4293,0.9806678899082569
InferiorTemporalGyrustemporooccipitalpart_L,-0.6449188848526218,0.5117,0.9806678899082569
PostcentralGyrus_R,-0.18966140378016022,0.8446,0.9806678899082569
PostcentralGyrus_L,-0.2595084136413697,0.7982,0.9806678899082569
SuperiorParietalLobule_R,-0.2850451678920831,0.78,0.9806678899082569
SuperiorParietalLobule_L,-0.674186427078514,0.4987,0.9806678899082569
SupramarginalGyrusanteriordivision_R,-0.05649051185891798,0.9544,0.9806678899082569
SupramarginalGyrusanteriordivision_L,-0.8701940638553591,0.3904,0.9806678899082569
SupramarginalGyrusposteriordivision_R,-0.1894462703360241,0.8564,0.9806678899082569
SupramarginalGyrusposteriordivision_L,-0.42735979859666046,0.6783,0.9806678899082569
AngularGyrus_R,-0.17957788853055281,0.8605,0.9806678899082569
AngularGyrus_L,-0.66707420337088,0.5169,0.9806678899082569
LateralOccipitalCortexsuperiordivision_R,-0.18865243524117853,0.8469,0.9806678899082569
LateralOccipitalCortexsuperiordivision_L,-0.43267611584938287,0.6663,0.9806678899082569
LateralOccipitalCortexinferiordivision_R,-0.44285909282398467,0.6571,0.9806678899082569
LateralOccipitalCortexinferiordivision_L,-0.5546221425066779,0.583,0.9806678899082569
IntracalcarineCortex_R,0.11783596651709677,0.9037,0.9806678899082569
IntracalcarineCortex_L,-0.05997627975893987,0.9528,0.9806678899082569
FrontalMedialCortex_R,-0.3307485273633309,0.739,0.9806678899082569
FrontalMedialCortex_L,0.27431428713811495,0.789,0.9806678899082569
JuxtapositionalLobuleCortex_R,0.2864690583829498,0.7768,0.9806678899082569
JuxtapositionalLobuleCortex_L,-0.5477172004250794,0.5832,0.9806678899082569
SubcallosalCortex_R,0.07244067312420108,0.9429,0.9806678899082569
SubcallosalCortex_L,-0.4383361479982763,0.6685,0.9806678899082569
ParacingulateGyrus_R,-0.1783816919398162,0.8596,0.9806678899082569
ParacingulateGyrus_L,-0.502290638865609,0.6249,0.9806678899082569
CingulateGyrusanteriordivision_R,-0.14585681297619912,0.8812,0.9806678899082569
CingulateGyrusanteriordivision_L,-0.0769783662135614,0.9349,0.9806678899082569
CingulateGyrusposteriordivision_R,-0.4557306221476633,0.6524,0.9806678899082569
CingulateGyrusposteriordivision_L,-0.299384313520026,0.7693,0.9806678899082569
PrecuneousCortex_R,-0.4553490134226229,0.6415,0.9806678899082569
PrecuneousCortex_L,-0.490962183642552,0.6253,0.9806678899082569
CunealCortex_R,-0.7252688321129453,0.4739,0.9806678899082569
CunealCortex_L,-0.12680450015288,0.8985,0.9806678899082569
FrontalOrbitalCortex_R,-0.36579536491026243,0.7144,0.9806678899082569
FrontalOrbitalCortex_L,-0.21286368847683856,0.8329,0.9806678899082569
ParahippocampalGyrusanteriordivision_R,-0.5898568033501541,0.549,0.9806678899082569
ParahippocampalGyrusanteriordivision_L,-0.12655642687486476,0.9009,0.9806678899082569
ParahippocampalGyrusposteriordivision_R,1.6721250729618033,0.0967,0.9806678899082569
ParahippocampalGyrusposteriordivision_L,0.6730173491708397,0.5012,0.9806678899082569
LingualGyrus_R,-0.3238027815922709,0.7471,0.9806678899082569
LingualGyrus_L,-0.2828427526594138,0.7822,0.9806678899082569
TemporalFusiformCortexanteriordivision_R,0.39150181523180094,0.6948,0.9806678899082569
TemporalFusiformCortexanteriordivision_L,-0.060215795585964925,0.9511,0.9806678899082569
TemporalFusiformCortexposteriordivision_R,0.16120516850658476,0.8757,0.9806678899082569
TemporalFusiformCortexposteriordivision_L,0.8016653208349097,0.4172,0.9806678899082569
TemporalOccipitalFusiformCortex_R,-0.3635024893707303,0.715,0.9806678899082569
TemporalOccipitalFusiformCortex_L,-0.2924777230675459,0.7676,0.9806678899082569
OccipitalFusiformGyrus_R,-0.3477120772529255,0.7314,0.9806678899082569
OccipitalFusiformGyrus_L,-0.22562875496827503,0.8253,0.9806678899082569
FrontalOperculumCortex_R,-0.7001674785331718,0.4833,0.9806678899082569
FrontalOperculumCortex_L,-1.0271983992461848,0.3095,0.9806678899082569
CentralOpercularCortex_R,-0.2768990232868137,0.7804,0.9806678899082569
CentralOpercularCortex_L,-0.19741992212510176,0.8357,0.9806678899082569
ParietalOperculumCortex_R,-0.1911484068228562,0.8518,0.9806678899082569
ParietalOperculumCortex_L,-0.15090940878970208,0.8859,0.9806678899082569
PlanumPolare_R,0.3409419993106645,0.7297,0.9806678899082569
PlanumPolare_L,0.5337702104708096,0.5975,0.9806678899082569
HeschlsGyrus_R,0.09453244646257669,0.921,0.9806678899082569
HeschlsGyrus_L,0.12529879609945715,0.9019,0.9806678899082569
PlanumTemporale_R,0.09589595993438625,0.9283,0.9806678899082569
PlanumTemporale_L,-0.6205176336302,0.5334,0.9806678899082569
SupracalcarineCortex_R,-0.44356178257802475,0.662,0.9806678899082569
SupracalcarineCortex_L,-0.008349190980088336,0.9926,0.9966
OccipitalPole_R,0.12651444329778908,0.8996,0.9806678899082569
OccipitalPole_L,0.14652669412457056,0.8787,0.9806678899082569
Brain_Stem_R,-0.4231328847348148,0.664,0.9806678899082569
Brain_Stem_L,-0.1662071042629164,0.8662,0.9806678899082569
Thalamus_R,-0.5285961397848596,0.5977,0.9806678899082569
Thalamus_L,-0.91714080346976945,0.3623,0.9806678899082569
Caudate_R,-1.0243835717449012,0.3111,0.9806678899082569
Caudate_L,-0.5014186566996077,0.6279,0.9806678899082569
Putamen_R,-0.31466994546427735,0.7473,0.9806678899082569
Putamen_L,-0.2228502741547103,0.8276,0.9806678899082569
Pallidum_R,-1.2289315545872523,0.2299,0.9806678899082569
Pallidum_L,-0.32958734842672827,0.7461,0.9806678899082569
Hippocampus_R,1.4184377254535954,0.1527,0.9806678899082569
Hippocampus_L,0.24905136224382693,0.8093,0.9806678899082569
Amygdala_R,1.3035474820845379,0.1891,0.9806678899082569
Amygdala_L,0.6461264555649844,0.5287,0.9806678899082569
Accumbens_R,0.2358591089791393,0.8151,0.9806678899082569
Accumbens_L,-0.48755814672747383,0.6298,0.9806678899082569
