Variables,.y.,group1,group2,n1,n2,statistic,p,p.adj,p.adj.signif
Accumbens_L,Values,1,2,42,63,1409,0.576,1,ns
Accumbens_R,Values,1,2,42,63,1288,0.821,1,ns
Amygdala_L,Values,1,2,42,63,1252,0.645,1,ns
Amygdala_R,Values,1,2,42,63,1132,0.213,1,ns
AngularGyrus_L,Values,1,2,42,63,1414,0.554,1,ns
AngularGyrus_R,Values,1,2,42,63,1323,1,1,ns
Brain_Stem_L,Values,1,2,42,63,1371,0.756,1,ns
Brain_Stem_R,Values,1,2,42,63,1425,0.507,1,ns
Caudate_L,Values,1,2,42,63,1444,0.431,1,ns
Caudate_R,Values,1,2,42,63,1545,0.147,1,ns
CentralOpercularCortex_L,Values,1,2,42,63,1386,0.683,1,ns
CentralOpercularCortex_R,Values,1,2,42,63,1364,0.791,1,ns
CingulateGyrusanteriordivision_L,Values,1,2,42,63,1350,0.862,1,ns
CingulateGyrusanteriordivision_R,Values,1,2,42,63,1368,0.771,1,ns
CingulateGyrusposteriordivision_L,Values,1,2,42,63,1384,0.692,1,ns
CingulateGyrusposteriordivision_R,Values,1,2,42,63,1412,0.563,1,ns
CunealCortex_L,Values,1,2,42,63,1340,0.914,1,ns
CunealCortex_R,Values,1,2,42,63,1435,0.466,1,ns
FrontalMedialCortex_L,Values,1,2,42,63,1309,0.93,1,ns
FrontalMedialCortex_R,Values,1,2,42,63,1383,0.697,1,ns
FrontalOperculumCortex_L,Values,1,2,42,63,1457,0.383,1,ns
FrontalOperculumCortex_R,Values,1,2,42,63,1423,0.515,1,ns
FrontalOrbitalCortex_L,Values,1,2,42,63,1379,0.717,1,ns
FrontalOrbitalCortex_R,Values,1,2,42,63,1393,0.649,1,ns
FrontalPole_L,Values,1,2,42,63,1480,0.306,1,ns
FrontalPole_R,Values,1,2,42,63,1377,0.726,1,ns
HeschlsGyrus_L,Values,1,2,42,63,1300,0.883,1,ns
HeschlsGyrus_R,Values,1,2,42,63,1324,0.997,1,ns
Hippocampus_L,Values,1,2,42,63,1316,0.966,1,ns
Hippocampus_R,Values,1,2,42,63,1135,0.22,1,ns
InferiorFrontalGyrusparsopercularis_L,Values,1,2,42,63,1446,0.423,1,ns
InferiorFrontalGyrusparsopercularis_R,Values,1,2,42,63,1473,0.328,1,ns
InferiorFrontalGyrusparstriangularis_L,Values,1,2,42,63,1416,0.545,1,ns
InferiorFrontalGyrusparstriangularis_R,Values,1,2,42,63,1498,0.254,1,ns
InferiorTemporalGyrusanteriordivision_L,Values,1,2,42,63,1230,0.545,1,ns
InferiorTemporalGyrusanteriordivision_R,Values,1,2,42,63,1290,0.832,1,ns
InferiorTemporalGyrusposteriordivision_L,Values,1,2,42,63,1327,0.982,1,ns
InferiorTemporalGyrusposteriordivision_R,Values,1,2,42,63,1455,0.39,1,ns
InferiorTemporalGyrustemporooccipitalpart_L,Values,1,2,42,63,1422,0.519,1,ns
InferiorTemporalGyrustemporooccipitalpart_R,Values,1,2,42,63,1452,0.401,1,ns
InsularCortex_L,Values,1,2,42,63,1413,0.558,1,ns
InsularCortex_R,Values,1,2,42,63,1361,0.806,1,ns
IntracalcarineCortex_L,Values,1,2,42,63,1344,0.893,1,ns
IntracalcarineCortex_R,Values,1,2,42,63,1312,0.945,1,ns
JuxtapositionalLobuleCortex_L,Values,1,2,42,63,1402,0.608,1,ns
JuxtapositionalLobuleCortex_R,Values,1,2,42,63,1266,0.712,1,ns
LateralOccipitalCortexinferiordivision_L,Values,1,2,42,63,1396,0.635,1,ns
LateralOccipitalCortexinferiordivision_R,Values,1,2,42,63,1368,0.771,1,ns
LateralOccipitalCortexsuperiordivision_L,Values,1,2,42,63,1381,0.707,1,ns
LateralOccipitalCortexsuperiordivision_R,Values,1,2,42,63,1321,0.992,1,ns
LingualGyrus_L,Values,1,2,42,63,1364,0.791,1,ns
LingualGyrus_R,Values,1,2,42,63,1374,0.741,1,ns
MiddleFrontalGyrus_L,Values,1,2,42,63,1405,0.594,1,ns
MiddleFrontalGyrus_R,Values,1,2,42,63,1417,0.541,1,ns
MiddleTemporalGyrusanteriordivision_L,Values,1,2,42,63,1311,0.94,1,ns
MiddleTemporalGyrusanteriordivision_R,Values,1,2,42,63,1451,0.404,1,ns
MiddleTemporalGyrusposteriordivision_L,Values,1,2,42,63,1361,0.806,1,ns
MiddleTemporalGyrusposteriordivision_R,Values,1,2,42,63,1308,0.924,1,ns
MiddleTemporalGyrustemporooccipitalpart_L,Values,1,2,42,63,1359,0.816,1,ns
MiddleTemporalGyrustemporooccipitalpart_R,Values,1,2,42,63,1428,0.494,1,ns
OccipitalFusiformGyrus_L,Values,1,2,42,63,1381,0.707,1,ns
OccipitalFusiformGyrus_R,Values,1,2,42,63,1384,0.692,1,ns
OccipitalPole_L,Values,1,2,42,63,1347,0.878,1,ns
OccipitalPole_R,Values,1,2,42,63,1333,0.95,1,ns
Pallidum_L,Values,1,2,42,63,1354.5,0.839,1,ns
Pallidum_R,Values,1,2,42,63,1501,0.246,1,ns
ParacingulateGyrus_L,Values,1,2,42,63,1433,0.474,1,ns
ParacingulateGyrus_R,Values,1,2,42,63,1378,0.721,1,ns
ParahippocampalGyrusanteriordivision_L,Values,1,2,42,63,1373,0.746,1,ns
ParahippocampalGyrusanteriordivision_R,Values,1,2,42,63,1384,0.692,1,ns
ParahippocampalGyrusposteriordivision_L,Values,1,2,42,63,1214,0.478,1,ns
ParahippocampalGyrusposteriordivision_R,Values,1,2,42,63,1106,0.157,1,ns
ParietalOperculumCortex_L,Values,1,2,42,63,1342,0.904,1,ns
ParietalOperculumCortex_R,Values,1,2,42,63,1362,0.801,1,ns
PlanumPolare_L,Values,1,2,42,63,1251,0.64,1,ns
PlanumPolare_R,Values,1,2,42,63,1292,0.842,1,ns
PlanumTemporale_L,Values,1,2,42,63,1437,0.458,1,ns
PlanumTemporale_R,Values,1,2,42,63,1309,0.93,1,ns
PostcentralGyrus_L,Values,1,2,42,63,1353,0.847,1,ns
PostcentralGyrus_R,Values,1,2,42,63,1354,0.842,1,ns
PrecentralGyrus_L,Values,1,2,42,63,1332,0.956,1,ns
PrecentralGyrus_R,Values,1,2,42,63,1261,0.687,1,ns
PrecuneousCortex_L,Values,1,2,42,63,1399,0.621,1,ns
PrecuneousCortex_R,Values,1,2,42,63,1380,0.712,1,ns
Putamen_L,Values,1,2,42,63,1384,0.692,1,ns
Putamen_R,Values,1,2,42,63,1387,0.678,1,ns
SubcallosalCortex_L,Values,1,2,42,63,1402,0.608,1,ns
SubcallosalCortex_R,Values,1,2,42,63,1289,0.827,1,ns
SuperiorFrontalGyrus_L,Values,1,2,42,63,1395,0.64,1,ns
SuperiorFrontalGyrus_R,Values,1,2,42,63,1341,0.909,1,ns
SuperiorParietalLobule_L,Values,1,2,42,63,1422,0.519,1,ns
SuperiorParietalLobule_R,Values,1,2,42,63,1369,0.766,1,ns
SuperiorTemporalGyrusanteriordivision_L,Values,1,2,42,63,1249,0.631,1,ns
SuperiorTemporalGyrusanteriordivision_R,Values,1,2,42,63,1232,0.554,1,ns
SuperiorTemporalGyrusposteriordivision_L,Values,1,2,42,63,1300,0.883,1,ns
SuperiorTemporalGyrusposteriordivision_R,Values,1,2,42,63,1270,0.731,1,ns
SupracalcarineCortex_L,Values,1,2,42,63,1305,0.909,1,ns
SupracalcarineCortex_R,Values,1,2,42,63,1436,0.462,1,ns
SupramarginalGyrusanteriordivision_L,Values,1,2,42,63,1460,0.372,1,ns
SupramarginalGyrusanteriordivision_R,Values,1,2,42,63,1356,0.832,1,ns
SupramarginalGyrusposteriordivision_L,Values,1,2,42,63,1391,0.659,1,ns
SupramarginalGyrusposteriordivision_R,Values,1,2,42,63,1333,0.95,1,ns
TemporalFusiformCortexanteriordivision_L,Values,1,2,42,63,1350,0.862,1,ns
TemporalFusiformCortexanteriordivision_R,Values,1,2,42,63,1280,0.781,1,ns
TemporalFusiformCortexposteriordivision_L,Values,1,2,42,63,1213,0.474,1,ns
TemporalFusiformCortexposteriordivision_R,Values,1,2,42,63,1303,0.899,1,ns
TemporalOccipitalFusiformCortex_L,Values,1,2,42,63,1390,0.664,1,ns
TemporalOccipitalFusiformCortex_R,Values,1,2,42,63,1371,0.756,1,ns
TemporalPole_L,Values,1,2,42,63,1213,0.474,1,ns
TemporalPole_R,Values,1,2,42,63,1298,0.873,1,ns
Thalamus_L,Values,1,2,42,63,1451,0.404,1,ns
Thalamus_R,Values,1,2,42,63,1405,0.594,1,ns
