variable,statistic,p.value,Regions
.,0.9875941525787104,0.4427160804216614,FrontalPole_R
.,0.9751600085686184,0.04566881730878338,FrontalPole_L
.,0.9722161446811876,0.026341842866164207,InsularCortex_R
.,0.9754051324456079,0.04782435798300524,InsularCortex_L
.,0.9871869935440027,0.41452690535123116,SuperiorFrontalGyrus_R
.,0.9814109468385175,0.14833497171541515,SuperiorFrontalGyrus_L
.,0.9884425600915114,0.505377226795545,MiddleFrontalGyrus_R
.,0.9745542044189301,0.04075604300935289,MiddleFrontalGyrus_L
.,0.9846061938991026,0.2662866317604988,InferiorFrontalGyrusparstriangularis_R
.,0.9900280827284028,0.6337071030925888,InferiorFrontalGyrusparstriangularis_L
.,0.9882330636923006,0.4894378254373002,InferiorFrontalGyrusparsopercularis_R
.,0.9868710904684589,0.39354559648077114,InferiorFrontalGyrusparsopercularis_L
.,0.9761341571353397,0.05486620410336892,PrecentralGyrus_R
.,0.9724481340702842,0.027501387654210188,PrecentralGyrus_L
.,0.989758058885392,0.6111273830353822,TemporalPole_R
.,0.9914745048486585,0.754984843268359,TemporalPole_L
.,0.9750425922306578,0.04467158056414541,SuperiorTemporalGyrusanteriordivision_R
.,0.9746017429512652,0.041121283729646664,SuperiorTemporalGyrusanteriordivision_L
.,0.9819629381986936,0.1643955952911703,SuperiorTemporalGyrusposteriordivision_R
.,0.9669725545329332,0.01011515728670688,SuperiorTemporalGyrusposteriordivision_L
.,0.954265459276704,0.0011591962155881892,MiddleTemporalGyrusanteriordivision_R
.,0.9874931705605524,0.43560620271502415,MiddleTemporalGyrusanteriordivision_L
.,0.9846986985316386,0.2707069976565077,MiddleTemporalGyrusposteriordivision_R
.,0.9819107300935075,0.1628085199095543,MiddleTemporalGyrusposteriordivision_L
.,0.976920558292235,0.06364577763967529,MiddleTemporalGyrustemporooccipitalpart_R
.,0.9631149901363282,0.005117928344443904,MiddleTemporalGyrustemporooccipitalpart_L
.,0.9591393531381651,0.0025914443083799982,InferiorTemporalGyrusanteriordivision_R
.,0.9864419424520918,0.36631363784938653,InferiorTemporalGyrusanteriordivision_L
.,0.9710129766786143,0.02108698430187173,InferiorTemporalGyrusposteriordivision_R
.,0.971337618367647,0.022388263283843378,InferiorTemporalGyrusposteriordivision_L
.,0.9855085912141772,0.31216782763953443,InferiorTemporalGyrustemporooccipitalpart_R
.,0.9808494998010641,0.13354537925894752,InferiorTemporalGyrustemporooccipitalpart_L
.,0.978631053696092,0.08793334914147874,PostcentralGyrus_R
.,0.9755448747999406,0.0490992253562934,PostcentralGyrus_L
.,0.981129143203003,0.14072502134637446,SuperiorParietalLobule_R
.,0.9792335402240484,0.09852918316481857,SuperiorParietalLobule_L
.,0.9798648440396958,0.11098436751898152,SupramarginalGyrusanteriordivision_R
.,0.9747019692674774,0.041902312401155745,SupramarginalGyrusanteriordivision_L
.,0.9797649207389155,0.10891462521292328,SupramarginalGyrusposteriordivision_R
.,0.9743238036829581,0.039032235847507875,SupramarginalGyrusposteriordivision_L
.,0.9782248287138374,0.08143577107044828,AngularGyrus_R
.,0.9771955017493242,0.06703896220126976,AngularGyrus_L
.,0.985114340576669,0.29135860648950423,LateralOccipitalCortexsuperiordivision_R
.,0.9853433609516953,0.30330003668189837,LateralOccipitalCortexsuperiordivision_L
.,0.9845856151181871,0.2653118491641723,LateralOccipitalCortexinferiordivision_R
.,0.9861887670562629,0.35093963681910506,LateralOccipitalCortexinferiordivision_L
.,0.9909388522073275,0.710458289019379,IntracalcarineCortex_R
.,0.9825533166212445,0.18338789699627192,IntracalcarineCortex_L
.,0.9952266353474224,0.9761690995673407,FrontalMedialCortex_R
.,0.9859982777146172,0.33971046418313156,FrontalMedialCortex_L
.,0.9691900477776065,0.015099979755423125,JuxtapositionalLobuleCortex_R
.,0.9788758782611414,0.09209553655189995,JuxtapositionalLobuleCortex_L
.,0.9751837301006179,0.045873024624601286,SubcallosalCortex_R
.,0.9950082443375382,0.9700048578680248,SubcallosalCortex_L
.,0.9858492334094487,0.3311262874568789,ParacingulateGyrus_R
.,0.9852913636706295,0.3005533060082648,ParacingulateGyrus_L
.,0.9798577532368956,0.11083623112440863,CingulateGyrusanteriordivision_R
.,0.9862417976078627,0.3541173850599677,CingulateGyrusanteriordivision_L
.,0.9798449712423424,0.11056968742550258,CingulateGyrusposteriordivision_R
.,0.9873123124025057,0.4230670906797242,CingulateGyrusposteriordivision_L
.,0.9902808462901026,0.6549778948222267,PrecuneousCortex_R
.,0.989495719456032,0.5894002647834073,PrecuneousCortex_L
.,0.9879042891610464,0.46502812256830633,CunealCortex_R
.,0.9801675325155961,0.11749186654093294,CunealCortex_L
.,0.9791892986821008,0.09770989203896864,FrontalOrbitalCortex_R
.,0.9887917927976673,0.53256819600474,FrontalOrbitalCortex_L
.,0.9840164960248747,0.23956634235933522,ParahippocampalGyrusanteriordivision_R
.,0.9756692179605624,0.05026261793638185,ParahippocampalGyrusanteriordivision_L
.,0.9851093495654764,0.2911028586618539,ParahippocampalGyrusposteriordivision_R
.,0.9828641749942834,0.1941951241664928,ParahippocampalGyrusposteriordivision_L
.,0.9780425318021372,0.07867765733729563,LingualGyrus_R
.,0.9795887618875582,0.10535766436152022,LingualGyrus_L
.,0.9850541506949112,0.28828706841191587,TemporalFusiformCortexanteriordivision_R
.,0.9815747345753216,0.15293744089900524,TemporalFusiformCortexanteriordivision_L
.,0.981474126716935,0.15009443304510903,TemporalFusiformCortexposteriordivision_R
.,0.978029353791359,0.07848192966209727,TemporalFusiformCortexposteriordivision_L
.,0.9820502001909317,0.1670810124886713,TemporalOccipitalFusiformCortex_R
.,0.9800043627476162,0.11393885874126072,TemporalOccipitalFusiformCortex_L
.,0.976993068295146,0.06452349930546233,OccipitalFusiformGyrus_R
.,0.9736362438825377,0.034318072925954284,OccipitalFusiformGyrus_L
.,0.9887756311063365,0.5312936798790582,FrontalOperculumCortex_R
.,0.9885087187261345,0.5104703493826759,FrontalOperculumCortex_L
.,0.9780322456491812,0.07852483956314231,CentralOpercularCortex_R
.,0.978451033568748,0.08499259088518031,CentralOpercularCortex_L
.,0.9791381311985501,0.0967707314501567,ParietalOperculumCortex_R
.,0.9763171803936094,0.05679356575993788,ParietalOperculumCortex_L
.,0.9687736594962212,0.013998898120752798,PlanumPolare_R
.,0.9740378125896034,0.03699569519326737,PlanumPolare_L
.,0.9801823875881175,0.11782065730569259,HeschlsGyrus_R
.,0.9851666242492704,0.29404917908571004,HeschlsGyrus_L
.,0.9788638828676202,0.09188712802597879,PlanumTemporale_R
.,0.9758945312109746,0.05244250125741854,PlanumTemporale_L
.,0.9739661755122846,0.03650280632502105,SupracalcarineCortex_R
.,0.986320593490341,0.35888066787338313,SupracalcarineCortex_L
.,0.9870011492589419,0.40208831840104725,OccipitalPole_R
.,0.9885005508525099,0.5098400493301749,OccipitalPole_L
.,0.9611651632135775,0.0036554902739439994,Brain_Stem_R
.,0.9797385534793039,0.1083748154862306,Brain_Stem_L
.,0.9815070480910119,0.15101913213275123,Thalamus_R
.,0.9849607059284597,0.283573166557256,Thalamus_L
.,0.9817710598469978,0.15863380266288507,Caudate_R
.,0.9830728878611649,0.20177938782673246,Caudate_L
.,0.9722781609775034,0.02664679879598422,Putamen_R
.,0.9756216770521027,0.0498145406310319,Putamen_L
.,0.9869447035521478,0.3983643024502298,Pallidum_R
.,0.9797494299895915,0.10859716843812009,Pallidum_L
.,0.9836094419609737,0.22254231210117964,Hippocampus_R
.,0.9668290244354033,0.00985839665123553,Hippocampus_L
.,0.9807035139734559,0.12993915309342666,Amygdala_R
.,0.9794646752039732,0.10292093770002714,Amygdala_L
.,0.9760556316609273,0.05405970267045325,Accumbens_R
.,0.981971326576629,0.16465195590284545,Accumbens_L
