struc_names,z_stat,p_value,p_fdr
FrontalPole_R,-0.08452091351601318,0.9351,0.9937
FrontalPole_L,-0.3684609142386625,0.7109,0.9937
InsularCortex_R,-0.10158010065031792,0.924,0.9937
InsularCortex_L,-0.2517251098998769,0.8038,0.9937
SuperiorFrontalGyrus_R,-0.43998161064374713,0.6558,0.9937
SuperiorFrontalGyrus_L,-0.3625005952706376,0.7205,0.9937
MiddleFrontalGyrus_R,-0.35893319560404263,0.7193,0.9937
MiddleFrontalGyrus_L,-0.3257911451503669,0.7479,0.9937
InferiorFrontalGyrusparstriangularis_R,-0.04012872138486037,0.9677,0.9937
InferiorFrontalGyrusparstriangularis_L,-0.09374262625629907,0.9326,0.9937
InferiorFrontalGyrusparsopercularis_R,-0.11939807277676061,0.8999,0.9937
InferiorFrontalGyrusparsopercularis_L,-0.13838501611884993,0.8967,0.9937
PrecentralGyrus_R,-0.1670177649865236,0.8701,0.9937
PrecentralGyrus_L,-0.21709850929715113,0.8284,0.9937
TemporalPole_R,-0.23309609293120018,0.8194,0.9937
TemporalPole_L,-0.26316425507630203,0.7951,0.9937
SuperiorTemporalGyrusanteriordivision_R,-0.20280301001115378,0.8442,0.9937
SuperiorTemporalGyrusanteriordivision_L,-0.29588007616334916,0.7709,0.9937
SuperiorTemporalGyrusposteriordivision_R,-0.3871088505731458,0.699,0.9937
SuperiorTemporalGyrusposteriordivision_L,-0.2667419916093137,0.7851,0.9937
MiddleTemporalGyrusanteriordivision_R,-0.0762144161474927,0.9409,0.9937
MiddleTemporalGyrusanteriordivision_L,-0.5975921206934867,0.5579,0.9937
MiddleTemporalGyrusposteriordivision_R,-0.5303009404922426,0.6019,0.9937
MiddleTemporalGyrusposteriordivision_L,-0.41477864734951786,0.6754,0.9937
MiddleTemporalGyrustemporooccipitalpart_R,-0.3187390974859852,0.7548,0.9937
MiddleTemporalGyrustemporooccipitalpart_L,-0.1321662337914671,0.8991,0.9937
InferiorTemporalGyrusanteriordivision_R,-0.3694161483318507,0.7124,0.9937
InferiorTemporalGyrusanteriordivision_L,-0.1509950271184183,0.8826,0.9937
InferiorTemporalGyrusposteriordivision_R,0.09441716905042645,0.9248,0.9937
InferiorTemporalGyrusposteriordivision_L,0.05131751792550396,0.9614,0.9937
InferiorTemporalGyrustemporooccipitalpart_R,0.12369395479417741,0.9089,0.9937
InferiorTemporalGyrustemporooccipitalpart_L,0.27496630791491433,0.7977,0.9937
PostcentralGyrus_R,-0.2268992951524903,0.8266,0.9937
PostcentralGyrus_L,-0.2754305902419075,0.7852,0.9937
SuperiorParietalLobule_R,-0.269495347427068,0.7818,0.9937
SuperiorParietalLobule_L,-0.31548816408714886,0.7509,0.9937
SupramarginalGyrusanteriordivision_R,-0.15204305283101024,0.8866,0.9937
SupramarginalGyrusanteriordivision_L,-0.2510861729250204,0.8089,0.9937
SupramarginalGyrusposteriordivision_R,-0.0784813823100734,0.9363,0.9937
SupramarginalGyrusposteriordivision_L,-0.16526227482994119,0.8603,0.9937
AngularGyrus_R,-0.017419484690695184,0.9859,0.9937
AngularGyrus_L,-0.09257558380363191,0.9254,0.9937
LateralOccipitalCortexsuperiordivision_R,-0.09192399052592602,0.9251,0.9937
LateralOccipitalCortexsuperiordivision_L,-0.17756932816055565,0.8577,0.9937
LateralOccipitalCortexinferiordivision_R,-0.3421198672125601,0.7281,0.9937
LateralOccipitalCortexinferiordivision_L,-0.3382412776554531,0.732,0.9937
IntracalcarineCortex_R,0.19455122007835288,0.8448,0.9937
IntracalcarineCortex_L,-0.3721691045771174,0.709,0.9937
FrontalMedialCortex_R,-0.17744385388653103,0.855,0.9937
FrontalMedialCortex_L,-0.4201468263062474,0.6733,0.9937
JuxtapositionalLobuleCortex_R,-0.30161150211276194,0.762,0.9937
JuxtapositionalLobuleCortex_L,-0.20691740329148992,0.8369,0.9937
SubcallosalCortex_R,0.048181026513537145,0.9602,0.9937
SubcallosalCortex_L,0.0916319623630894,0.9254,0.9937
ParacingulateGyrus_R,-0.1657358940356662,0.8652,0.9937
ParacingulateGyrus_L,-0.27237868717331853,0.7919,0.9937
CingulateGyrusanteriordivision_R,-0.4796415855311841,0.6279,0.9937
CingulateGyrusanteriordivision_L,-0.3138972225877479,0.7498,0.9937
CingulateGyrusposteriordivision_R,-0.12480554303946095,0.8982,0.9937
CingulateGyrusposteriordivision_L,-0.03507985526484353,0.9715,0.9937
PrecuneousCortex_R,-0.2951730620752106,0.7664,0.9937
PrecuneousCortex_L,-0.17447690823671153,0.8606,0.9937
CunealCortex_R,-0.39546726844105357,0.6974,0.9937
CunealCortex_L,-0.3865934684214721,0.6933,0.9937
FrontalOrbitalCortex_R,-0.14252148529924613,0.8847,0.9937
FrontalOrbitalCortex_L,-0.16866280494697677,0.8632,0.9937
ParahippocampalGyrusanteriordivision_R,-0.14190457365920467,0.8867,0.9937
ParahippocampalGyrusanteriordivision_L,-0.009813491692273425,0.9937,0.9937
ParahippocampalGyrusposteriordivision_R,-0.1189210060273376,0.9062,0.9937
ParahippocampalGyrusposteriordivision_L,0.06527365843389468,0.9473,0.9937
LingualGyrus_R,0.41473612374503066,0.6918,0.9937
LingualGyrus_L,-0.07670274977954046,0.938,0.9937
TemporalFusiformCortexanteriordivision_R,-0.21399540730991792,0.8333,0.9937
TemporalFusiformCortexanteriordivision_L,-0.5613190332791931,0.5815,0.9937
TemporalFusiformCortexposteriordivision_R,0.31420919248029805,0.7589,0.9937
TemporalFusiformCortexposteriordivision_L,0.2186587107481174,0.8331,0.9937
TemporalOccipitalFusiformCortex_R,0.12338861472173447,0.9055,0.9937
TemporalOccipitalFusiformCortex_L,0.2750563337113924,0.7905,0.9937
OccipitalFusiformGyrus_R,0.44348568226464347,0.6725,0.9937
OccipitalFusiformGyrus_L,0.3439600799362927,0.7372,0.9937
FrontalOperculumCortex_R,-0.1302773024013544,0.8961,0.9937
FrontalOperculumCortex_L,-0.4163996092646496,0.6844,0.9937
CentralOpercularCortex_R,-0.12276764266239112,0.9063,0.9937
CentralOpercularCortex_L,-0.21124624094710087,0.8343,0.9937
ParietalOperculumCortex_R,-0.19690068596284502,0.8454,0.9937
ParietalOperculumCortex_L,-0.18709688571418187,0.8547,0.9937
PlanumPolare_R,-0.14445526478769977,0.8848,0.9937
PlanumPolare_L,-0.10390341384508368,0.9191,0.9937
HeschlsGyrus_R,-0.11920700764124188,0.9044,0.9937
HeschlsGyrus_L,0.06247476742324875,0.9474,0.9937
PlanumTemporale_R,-0.12032251051709791,0.9039,0.9937
PlanumTemporale_L,0.015257507650372832,0.9871,0.9937
SupracalcarineCortex_R,-0.31306941663217613,0.753,0.9937
SupracalcarineCortex_L,-0.3900069790155894,0.7027,0.9937
OccipitalPole_R,-0.16007832993396928,0.8689,0.9937
OccipitalPole_L,-0.46111283278317833,0.644,0.9937
Brain_Stem_R,0.07805653841544542,0.9388,0.9937
Brain_Stem_L,0.32634038370842955,0.7479,0.9937
Thalamus_R,-0.15688392150308442,0.8744,0.9937
Thalamus_L,-0.23940877930198765,0.8123,0.9937
Caudate_R,-0.40727656575286697,0.683,0.9937
Caudate_L,-0.3219777583290577,0.7459,0.9937
Putamen_R,-0.21303794741034032,0.8298,0.9937
Putamen_L,-0.1947128365840617,0.8455,0.9937
Pallidum_R,-0.010487825243448974,0.9903,0.9937
Pallidum_L,-0.04381692765422059,0.9633,0.9937
Hippocampus_R,-0.5001531933348021,0.6249,0.9937
Hippocampus_L,-0.5333879008597676,0.5948,0.9937
Amygdala_R,-0.2941112444129766,0.7634,0.9937
Amygdala_L,-0.43042017238890407,0.6713,0.9937
Accumbens_R,-0.17234296054183867,0.8599,0.9937
Accumbens_L,-0.44042757920490566,0.6552,0.9937
