variable,statistic,p.value,Regions
.,0.9797422379656083,0.10845008885914764,FrontalPole_R
.,0.9750488154036797,0.04472387427852497,FrontalPole_L
.,0.9797885840127581,0.10940132259320574,InsularCortex_R
.,0.980484182722271,0.1246978612626885,InsularCortex_L
.,0.9783598505729443,0.0835405938845255,SuperiorFrontalGyrus_R
.,0.9824577001182573,0.18017819875345414,SuperiorFrontalGyrus_L
.,0.9823567942144708,0.17684803061239238,MiddleFrontalGyrus_R
.,0.9795831821184269,0.10524688421082293,MiddleFrontalGyrus_L
.,0.9861046006738224,0.3459423441201715,InferiorFrontalGyrusparstriangularis_R
.,0.9738768092798266,0.03589734220134522,InferiorFrontalGyrusparstriangularis_L
.,0.9789015421927225,0.0925429973645742,InferiorFrontalGyrusparsopercularis_R
.,0.9833099735016151,0.21072504086395033,InferiorFrontalGyrusparsopercularis_L
.,0.983892796430413,0.23427319587735168,PrecentralGyrus_R
.,0.9847448055385446,0.27293390950166807,PrecentralGyrus_L
.,0.9762726462251087,0.05631837280957895,TemporalPole_R
.,0.981484192117584,0.1503765752500816,TemporalPole_L
.,0.9772117868458237,0.06724556006144829,SuperiorTemporalGyrusanteriordivision_R
.,0.9867224403120586,0.38394633764710306,SuperiorTemporalGyrusanteriordivision_L
.,0.9863309503166273,0.35951044659798215,SuperiorTemporalGyrusposteriordivision_R
.,0.9733120853458154,0.03230192239372573,SuperiorTemporalGyrusposteriordivision_L
.,0.984145607544809,0.2452046817620977,MiddleTemporalGyrusanteriordivision_R
.,0.9832245403656631,0.2074603928003477,MiddleTemporalGyrusanteriordivision_L
.,0.9880033758441525,0.4723046182852769,MiddleTemporalGyrusposteriordivision_R
.,0.9836457198414184,0.22401401407010713,MiddleTemporalGyrusposteriordivision_L
.,0.9857475301114641,0.32537001771572416,MiddleTemporalGyrustemporooccipitalpart_R
.,0.9720979850328919,0.02577071857561533,MiddleTemporalGyrustemporooccipitalpart_L
.,0.8992734416813715,7.843012408707074e-7,InferiorTemporalGyrusanteriordivision_R
.,0.9064239482927109,1.754687408876071e-6,InferiorTemporalGyrusanteriordivision_L
.,0.9221205698308624,1.1679504283455656e-5,InferiorTemporalGyrusposteriordivision_R
.,0.9133824521474172,3.9730705542663375e-6,InferiorTemporalGyrusposteriordivision_L
.,0.9188108006137743,7.70749560242176e-6,InferiorTemporalGyrustemporooccipitalpart_R
.,0.9176363855144366,6.6649713603431136e-6,InferiorTemporalGyrustemporooccipitalpart_L
.,0.9774074957299079,0.06977900949930363,PostcentralGyrus_R
.,0.9767119860825372,0.06118754418724516,PostcentralGyrus_L
.,0.9851746895648029,0.2944660955427927,SuperiorParietalLobule_R
.,0.9821612292168477,0.17055777981323922,SuperiorParietalLobule_L
.,0.9850308201897479,0.28710392498088977,SupramarginalGyrusanteriordivision_R
.,0.9839745995095507,0.2377617175304013,SupramarginalGyrusanteriordivision_L
.,0.985195290045252,0.29553325516376233,SupramarginalGyrusposteriordivision_R
.,0.9833674236134343,0.21294673461699612,SupramarginalGyrusposteriordivision_L
.,0.9762225680173238,0.055788825894840854,AngularGyrus_R
.,0.9798589618841703,0.11086146768290821,AngularGyrus_L
.,0.9797950525772956,0.10953473649916122,LateralOccipitalCortexsuperiordivision_R
.,0.9827410670137982,0.18984623643251003,LateralOccipitalCortexsuperiordivision_L
.,0.9795563639234712,0.10471603491943268,LateralOccipitalCortexinferiordivision_R
.,0.9809789672423395,0.13682432798991861,LateralOccipitalCortexinferiordivision_L
.,0.9600481219734439,0.00302173696617704,IntracalcarineCortex_R
.,0.9777334532688178,0.07421296379930681,IntracalcarineCortex_L
.,0.9654963833026807,0.007775067621451398,FrontalMedialCortex_R
.,0.9748570018597721,0.04314035257260112,FrontalMedialCortex_L
.,0.9818773953266409,0.16180278225958614,JuxtapositionalLobuleCortex_R
.,0.983488144972946,0.2176850329801903,JuxtapositionalLobuleCortex_L
.,0.9742840116244613,0.038742150071933386,SubcallosalCortex_R
.,0.97652800353706,0.059098731296610134,SubcallosalCortex_L
.,0.9788289785991466,0.09128335513355486,ParacingulateGyrus_R
.,0.9782669401828348,0.08208650135762827,ParacingulateGyrus_L
.,0.9794713916651219,0.10305139912164761,CingulateGyrusanteriordivision_R
.,0.9808879846419447,0.13451205528533103,CingulateGyrusanteriordivision_L
.,0.9800549598074914,0.11502922184682247,CingulateGyrusposteriordivision_R
.,0.9829414552495112,0.19697209530496387,CingulateGyrusposteriordivision_L
.,0.9803175963583536,0.12085481435154266,PrecuneousCortex_R
.,0.9770759022832259,0.06554111711667543,PrecuneousCortex_L
.,0.981304051519095,0.14540297832987015,CunealCortex_R
.,0.9809250115385454,0.13544848629081344,CunealCortex_L
.,0.9749474261995819,0.04387960873193445,FrontalOrbitalCortex_R
.,0.9788882951786544,0.09231176208464878,FrontalOrbitalCortex_L
.,0.9829008553258524,0.19550863732142537,ParahippocampalGyrusanteriordivision_R
.,0.9840245303254986,0.23991380137877472,ParahippocampalGyrusanteriordivision_L
.,0.983879171105117,0.2336966164659827,ParahippocampalGyrusposteriordivision_R
.,0.9793700422534948,0.10109997750645473,ParahippocampalGyrusposteriordivision_L
.,0.9157674111437374,5.3007591897565065e-6,LingualGyrus_R
.,0.979449344431682,0.10262375976583829,LingualGyrus_L
.,0.9145333469848815,4.563660768554921e-6,TemporalFusiformCortexanteriordivision_R
.,0.8672043562402134,3.028843588539464e-8,TemporalFusiformCortexanteriordivision_L
.,0.9184753222492839,7.393242369893306e-6,TemporalFusiformCortexposteriordivision_R
.,0.9127739285345059,3.693840805470976e-6,TemporalFusiformCortexposteriordivision_L
.,0.92612303545285,1.954935932831841e-5,TemporalOccipitalFusiformCortex_R
.,0.920433931768364,9.43938900687234e-6,TemporalOccipitalFusiformCortex_L
.,0.9111755578619357,3.0543480892554283e-6,OccipitalFusiformGyrus_R
.,0.9108710274513434,2.946328306358619e-6,OccipitalFusiformGyrus_L
.,0.9813426982097534,0.14645653756048654,FrontalOperculumCortex_R
.,0.9813835074927508,0.14757699100692087,FrontalOperculumCortex_L
.,0.9808574417279592,0.13374431622247587,CentralOpercularCortex_R
.,0.981014223721658,0.1377306194822182,CentralOpercularCortex_L
.,0.9783350337416662,0.08314970515642563,ParietalOperculumCortex_R
.,0.9769612843925772,0.06413726947625521,ParietalOperculumCortex_L
.,0.9786701294004376,0.08858491678902966,PlanumPolare_R
.,0.979853513019186,0.11074773988186667,PlanumPolare_L
.,0.9762737719508648,0.056330334951266915,HeschlsGyrus_R
.,0.9769361845565867,0.06383390878006354,HeschlsGyrus_L
.,0.9777581275168488,0.07455988198774616,PlanumTemporale_R
.,0.9782499422570705,0.08182321814296002,PlanumTemporale_L
.,0.9800288963666689,0.11446628838050565,SupracalcarineCortex_R
.,0.9849950549636669,0.28529822633599017,SupracalcarineCortex_L
.,0.9824328926091387,0.1793540790524942,OccipitalPole_R
.,0.9870969551595318,0.40846671639417,OccipitalPole_L
.,0.9660073333987893,0.008513563453447625,Brain_Stem_R
.,0.9098436015795619,2.610590911078655e-6,Brain_Stem_L
.,0.9758200405442969,0.051711396668151034,Thalamus_R
.,0.979023654879873,0.09470175330443299,Thalamus_L
.,0.9786105336213232,0.08759309598594067,Caudate_R
.,0.9740035728790519,0.03675926962818177,Caudate_L
.,0.9739158401138768,0.03616050498590183,Putamen_R
.,0.9782803127031857,0.08229422354427109,Putamen_L
.,0.9711201785791816,0.021507819530781437,Pallidum_R
.,0.9765622585923485,0.05948211110952344,Pallidum_L
.,0.9840285141994307,0.24008625852903132,Hippocampus_R
.,0.984298104925904,0.2520158300283055,Hippocampus_L
.,0.9865316160057681,0.37188222146398064,Amygdala_R
.,0.9865046057292326,0.3701981466447331,Amygdala_L
.,0.9804139946476178,0.12306438713865454,Accumbens_R
.,0.9762112613783952,0.05566996387571522,Accumbens_L
