Variables,.y.,group1,group2,n1,n2,statistic,p,p.adj,p.adj.signif
Accumbens_L,Values,1,2,42,63,1413,0.558,0.9947636363636363,ns
Accumbens_R,Values,1,2,42,63,1366,0.781,0.9947636363636363,ns
Amygdala_L,Values,1,2,42,63,1403,0.603,0.9947636363636363,ns
Amygdala_R,Values,1,2,42,63,1382,0.702,0.9947636363636363,ns
AngularGyrus_L,Values,1,2,42,63,1361,0.806,0.9947636363636363,ns
AngularGyrus_R,Values,1,2,42,63,1334,0.945,0.9947636363636363,ns
Brain_Stem_L,Values,1,2,42,63,1357,0.827,0.9947636363636363,ns
Brain_Stem_R,Values,1,2,42,63,1335,0.94,0.9947636363636363,ns
Caudate_L,Values,1,2,42,63,1384,0.692,0.9947636363636363,ns
Caudate_R,Values,1,2,42,63,1394,0.645,0.9947636363636363,ns
CentralOpercularCortex_L,Values,1,2,42,63,1366,0.781,0.9947636363636363,ns
CentralOpercularCortex_R,Values,1,2,42,63,1357,0.827,0.9947636363636363,ns
CingulateGyrusanteriordivision_L,Values,1,2,42,63,1381,0.707,0.9947636363636363,ns
CingulateGyrusanteriordivision_R,Values,1,2,42,63,1404,0.599,0.9947636363636363,ns
CingulateGyrusposteriordivision_L,Values,1,2,42,63,1350,0.862,0.9947636363636363,ns
CingulateGyrusposteriordivision_R,Values,1,2,42,63,1365,0.786,0.9947636363636363,ns
CunealCortex_L,Values,1,2,42,63,1393,0.649,0.9947636363636363,ns
CunealCortex_R,Values,1,2,42,63,1390,0.664,0.9947636363636363,ns
FrontalMedialCortex_L,Values,1,2,42,63,1400,0.617,0.9947636363636363,ns
FrontalMedialCortex_R,Values,1,2,42,63,1358,0.821,0.9947636363636363,ns
FrontalOperculumCortex_L,Values,1,2,42,63,1393,0.649,0.9947636363636363,ns
FrontalOperculumCortex_R,Values,1,2,42,63,1352,0.852,0.9947636363636363,ns
FrontalOrbitalCortex_L,Values,1,2,42,63,1357,0.827,0.9947636363636363,ns
FrontalOrbitalCortex_R,Values,1,2,42,63,1361,0.806,0.9947636363636363,ns
FrontalPole_L,Values,1,2,42,63,1403,0.603,0.9947636363636363,ns
FrontalPole_R,Values,1,2,42,63,1348,0.873,0.9947636363636363,ns
HeschlsGyrus_L,Values,1,2,42,63,1324,0.997,1,ns
HeschlsGyrus_R,Values,1,2,42,63,1349,0.868,0.9947636363636363,ns
Hippocampus_L,Values,1,2,42,63,1417,0.541,0.9947636363636363,ns
Hippocampus_R,Values,1,2,42,63,1402,0.608,0.9947636363636363,ns
InferiorFrontalGyrusparsopercularis_L,Values,1,2,42,63,1365,0.786,0.9947636363636363,ns
InferiorFrontalGyrusparsopercularis_R,Values,1,2,42,63,1361,0.806,0.9947636363636363,ns
InferiorFrontalGyrusparstriangularis_L,Values,1,2,42,63,1347,0.878,0.9947636363636363,ns
InferiorFrontalGyrusparstriangularis_R,Values,1,2,42,63,1349,0.868,0.9947636363636363,ns
InferiorTemporalGyrusanteriordivision_L,Values,1,2,42,63,1375.5,0.734,0.9947636363636363,ns
InferiorTemporalGyrusanteriordivision_R,Values,1,2,42,63,1432,0.478,0.9947636363636363,ns
InferiorTemporalGyrusposteriordivision_L,Values,1,2,42,63,1387,0.678,0.9947636363636363,ns
InferiorTemporalGyrusposteriordivision_R,Values,1,2,42,63,1407,0.585,0.9947636363636363,ns
InferiorTemporalGyrustemporooccipitalpart_L,Values,1,2,42,63,1360,0.811,0.9947636363636363,ns
InferiorTemporalGyrustemporooccipitalpart_R,Values,1,2,42,63,1406,0.589,0.9947636363636363,ns
InsularCortex_L,Values,1,2,42,63,1359,0.816,0.9947636363636363,ns
InsularCortex_R,Values,1,2,42,63,1332,0.956,0.9947636363636363,ns
IntracalcarineCortex_L,Values,1,2,42,63,1387,0.678,0.9947636363636363,ns
IntracalcarineCortex_R,Values,1,2,42,63,1360,0.811,0.9947636363636363,ns
JuxtapositionalLobuleCortex_L,Values,1,2,42,63,1361,0.806,0.9947636363636363,ns
JuxtapositionalLobuleCortex_R,Values,1,2,42,63,1385,0.687,0.9947636363636363,ns
LateralOccipitalCortexinferiordivision_L,Values,1,2,42,63,1394,0.645,0.9947636363636363,ns
LateralOccipitalCortexinferiordivision_R,Values,1,2,42,63,1370,0.761,0.9947636363636363,ns
LateralOccipitalCortexsuperiordivision_L,Values,1,2,42,63,1367,0.776,0.9947636363636363,ns
LateralOccipitalCortexsuperiordivision_R,Values,1,2,42,63,1355,0.837,0.9947636363636363,ns
LingualGyrus_L,Values,1,2,42,63,1370,0.761,0.9947636363636363,ns
LingualGyrus_R,Values,1,2,42,63,1349,0.868,0.9947636363636363,ns
MiddleFrontalGyrus_L,Values,1,2,42,63,1399,0.621,0.9947636363636363,ns
MiddleFrontalGyrus_R,Values,1,2,42,63,1393,0.649,0.9947636363636363,ns
MiddleTemporalGyrusanteriordivision_L,Values,1,2,42,63,1398,0.626,0.9947636363636363,ns
MiddleTemporalGyrusanteriordivision_R,Values,1,2,42,63,1357,0.827,0.9947636363636363,ns
MiddleTemporalGyrusposteriordivision_L,Values,1,2,42,63,1401,0.612,0.9947636363636363,ns
MiddleTemporalGyrusposteriordivision_R,Values,1,2,42,63,1429,0.49,0.9947636363636363,ns
MiddleTemporalGyrustemporooccipitalpart_L,Values,1,2,42,63,1363,0.796,0.9947636363636363,ns
MiddleTemporalGyrustemporooccipitalpart_R,Values,1,2,42,63,1380,0.712,0.9947636363636363,ns
OccipitalFusiformGyrus_L,Values,1,2,42,63,1332,0.956,0.9947636363636363,ns
OccipitalFusiformGyrus_R,Values,1,2,42,63,1323,1,1,ns
OccipitalPole_L,Values,1,2,42,63,1411,0.567,0.9947636363636363,ns
OccipitalPole_R,Values,1,2,42,63,1357,0.827,0.9947636363636363,ns
Pallidum_L,Values,1,2,42,63,1347,0.878,0.9947636363636363,ns
Pallidum_R,Values,1,2,42,63,1316,0.966,0.9947636363636363,ns
ParacingulateGyrus_L,Values,1,2,42,63,1369,0.766,0.9947636363636363,ns
ParacingulateGyrus_R,Values,1,2,42,63,1369,0.766,0.9947636363636363,ns
ParahippocampalGyrusanteriordivision_L,Values,1,2,42,63,1329,0.971,0.9947636363636363,ns
ParahippocampalGyrusanteriordivision_R,Values,1,2,42,63,1357,0.827,0.9947636363636363,ns
ParahippocampalGyrusposteriordivision_L,Values,1,2,42,63,1328,0.977,0.9947636363636363,ns
ParahippocampalGyrusposteriordivision_R,Values,1,2,42,63,1349,0.868,0.9947636363636363,ns
ParietalOperculumCortex_L,Values,1,2,42,63,1366,0.781,0.9947636363636363,ns
ParietalOperculumCortex_R,Values,1,2,42,63,1376,0.731,0.9947636363636363,ns
PlanumPolare_L,Values,1,2,42,63,1354,0.842,0.9947636363636363,ns
PlanumPolare_R,Values,1,2,42,63,1363,0.796,0.9947636363636363,ns
PlanumTemporale_L,Values,1,2,42,63,1328,0.977,0.9947636363636363,ns
PlanumTemporale_R,Values,1,2,42,63,1356,0.832,0.9947636363636363,ns
PostcentralGyrus_L,Values,1,2,42,63,1379,0.717,0.9947636363636363,ns
PostcentralGyrus_R,Values,1,2,42,63,1373,0.746,0.9947636363636363,ns
PrecentralGyrus_L,Values,1,2,42,63,1367,0.776,0.9947636363636363,ns
PrecentralGyrus_R,Values,1,2,42,63,1360,0.811,0.9947636363636363,ns
PrecuneousCortex_L,Values,1,2,42,63,1376,0.731,0.9947636363636363,ns
PrecuneousCortex_R,Values,1,2,42,63,1392,0.654,0.9947636363636363,ns
Putamen_L,Values,1,2,42,63,1365,0.786,0.9947636363636363,ns
Putamen_R,Values,1,2,42,63,1361,0.806,0.9947636363636363,ns
SubcallosalCortex_L,Values,1,2,42,63,1332,0.956,0.9947636363636363,ns
SubcallosalCortex_R,Values,1,2,42,63,1313,0.95,0.9947636363636363,ns
SuperiorFrontalGyrus_L,Values,1,2,42,63,1366,0.781,0.9947636363636363,ns
SuperiorFrontalGyrus_R,Values,1,2,42,63,1395,0.64,0.9947636363636363,ns
SuperiorParietalLobule_L,Values,1,2,42,63,1372,0.751,0.9947636363636363,ns
SuperiorParietalLobule_R,Values,1,2,42,63,1374,0.741,0.9947636363636363,ns
SuperiorTemporalGyrusanteriordivision_L,Values,1,2,42,63,1383,0.697,0.9947636363636363,ns
SuperiorTemporalGyrusanteriordivision_R,Values,1,2,42,63,1369,0.766,0.9947636363636363,ns
SuperiorTemporalGyrusposteriordivision_L,Values,1,2,42,63,1378,0.721,0.9947636363636363,ns
SuperiorTemporalGyrusposteriordivision_R,Values,1,2,42,63,1416,0.545,0.9947636363636363,ns
SupracalcarineCortex_L,Values,1,2,42,63,1403,0.603,0.9947636363636363,ns
SupracalcarineCortex_R,Values,1,2,42,63,1381,0.707,0.9947636363636363,ns
SupramarginalGyrusanteriordivision_L,Values,1,2,42,63,1370,0.761,0.9947636363636363,ns
SupramarginalGyrusanteriordivision_R,Values,1,2,42,63,1368,0.771,0.9947636363636363,ns
SupramarginalGyrusposteriordivision_L,Values,1,2,42,63,1361,0.806,0.9947636363636363,ns
SupramarginalGyrusposteriordivision_R,Values,1,2,42,63,1346,0.883,0.9947636363636363,ns
TemporalFusiformCortexanteriordivision_L,Values,1,2,42,63,1419.5,0.53,0.9947636363636363,ns
TemporalFusiformCortexanteriordivision_R,Values,1,2,42,63,1377,0.726,0.9947636363636363,ns
TemporalFusiformCortexposteriordivision_L,Values,1,2,42,63,1386,0.683,0.9947636363636363,ns
TemporalFusiformCortexposteriordivision_R,Values,1,2,42,63,1344,0.893,0.9947636363636363,ns
TemporalOccipitalFusiformCortex_L,Values,1,2,42,63,1367,0.776,0.9947636363636363,ns
TemporalOccipitalFusiformCortex_R,Values,1,2,42,63,1415,0.55,0.9947636363636363,ns
TemporalPole_L,Values,1,2,42,63,1385,0.687,0.9947636363636363,ns
TemporalPole_R,Values,1,2,42,63,1374,0.741,0.9947636363636363,ns
Thalamus_L,Values,1,2,42,63,1379,0.717,0.9947636363636363,ns
Thalamus_R,Values,1,2,42,63,1355,0.837,0.9947636363636363,ns
