Variables,.y.,group1,group2,n1,n2,statistic,p,p.adj,p.adj.signif
Left_Accumbens_area,Values,1,2,42,63,1293,0.847,0.9585853658536586,ns
Left_Amygdala,Values,1,2,42,63,1382,0.702,0.9238484848484848,ns
Left_Caudate,Values,1,2,42,63,1294,0.852,0.9585853658536586,ns
Left_Cerebellum_Cortex,Values,1,2,42,63,1193.5,0.399,0.9238484848484848,ns
Left_Hippocampus,Values,1,2,42,63,1547.5,0.143,0.9238484848484848,ns
Left_Pallidum,Values,1,2,42,63,1247.5,0.624,0.9238484848484848,ns
Left_Putamen,Values,1,2,42,63,1384.5,0.69,0.9238484848484848,ns
Left_Thalamus_Proper,Values,1,2,42,63,1140,0.232,0.9238484848484848,ns
Left_VentralDC,Values,1,2,42,63,1243.5,0.605,0.9238484848484848,ns
lh_bankssts,Values,1,2,42,63,1198,0.415,0.9238484848484848,ns
lh_caudalanteriorcingulate,Values,1,2,42,63,1342,0.904,0.9585853658536586,ns
lh_caudalmiddlefrontal,Values,1,2,42,63,1408.5,0.578,0.9238484848484848,ns
lh_cuneus,Values,1,2,42,63,1006.5,0.0387,0.8585666666666667,ns
lh_entorhinal,Values,1,2,42,63,1431,0.482,0.9238484848484848,ns
lh_frontalpole,Values,1,2,42,63,1460,0.372,0.9238484848484848,ns
lh_fusiform,Values,1,2,42,63,1518,0.203,0.9238484848484848,ns
lh_inferiorparietal,Values,1,2,42,63,1442,0.438,0.9238484848484848,ns
lh_inferiortemporal,Values,1,2,42,63,1273.5,0.749,0.9585853658536586,ns
lh_insula,Values,1,2,42,63,1589.5,0.0818,0.87935,ns
lh_isthmuscingulate,Values,1,2,42,63,1317,0.971,0.9884941176470587,ns
lh_lateraloccipital,Values,1,2,42,63,1528.5,0.18,0.9238484848484848,ns
lh_lateralorbitofrontal,Values,1,2,42,63,1214,0.478,0.9238484848484848,ns
lh_lingual,Values,1,2,42,63,1611,0.0599,0.8585666666666667,ns
lh_medialorbitofrontal,Values,1,2,42,63,1422.5,0.517,0.9238484848484848,ns
lh_middletemporal,Values,1,2,42,63,1174,0.331,0.9238484848484848,ns
lh_paracentral,Values,1,2,42,63,1421.5,0.521,0.9238484848484848,ns
lh_parahippocampal,Values,1,2,42,63,1495.5,0.26,0.9238484848484848,ns
lh_parsopercularis,Values,1,2,42,63,1420,0.528,0.9238484848484848,ns
lh_parsorbitalis,Values,1,2,42,63,1420.5,0.526,0.9238484848484848,ns
lh_parstriangularis,Values,1,2,42,63,1318,0.977,0.9884941176470587,ns
lh_pericalcarine,Values,1,2,42,63,1283.5,0.799,0.9585853658536586,ns
lh_postcentral,Values,1,2,42,63,1441,0.442,0.9238484848484848,ns
lh_posteriorcingulate,Values,1,2,42,63,1560,0.122,0.9238484848484848,ns
lh_precentral,Values,1,2,42,63,1485,0.291,0.9238484848484848,ns
lh_precuneus,Values,1,2,42,63,1130,0.208,0.9238484848484848,ns
lh_rostralanteriorcingulate,Values,1,2,42,63,1161.5,0.292,0.9238484848484848,ns
lh_rostralmiddlefrontal,Values,1,2,42,63,1389,0.668,0.9238484848484848,ns
lh_superiorfrontal,Values,1,2,42,63,1252.5,0.647,0.9238484848484848,ns
lh_superiorparietal,Values,1,2,42,63,1285,0.806,0.9585853658536586,ns
lh_superiortemporal,Values,1,2,42,63,1410,0.571,0.9238484848484848,ns
lh_supramarginal,Values,1,2,42,63,1425,0.507,0.9238484848484848,ns
lh_temporalpole,Values,1,2,42,63,1541.5,0.154,0.9238484848484848,ns
lh_transversetemporal,Values,1,2,42,63,1303.5,0.901,0.9585853658536586,ns
rh_bankssts,Values,1,2,42,63,1706,0.0123,0.7611,ns
rh_caudalanteriorcingulate,Values,1,2,42,63,1286,0.811,0.9585853658536586,ns
rh_caudalmiddlefrontal,Values,1,2,42,63,1323,1,1,ns
rh_cuneus,Values,1,2,42,63,1396,0.635,0.9238484848484848,ns
rh_entorhinal,Values,1,2,42,63,1459,0.375,0.9238484848484848,ns
rh_frontalpole,Values,1,2,42,63,1412,0.563,0.9238484848484848,ns
rh_fusiform,Values,1,2,42,63,1136,0.222,0.9238484848484848,ns
rh_inferiorparietal,Values,1,2,42,63,1392,0.654,0.9238484848484848,ns
rh_inferiortemporal,Values,1,2,42,63,1403.5,0.601,0.9238484848484848,ns
rh_insula,Values,1,2,42,63,1288.5,0.824,0.9585853658536586,ns
rh_isthmuscingulate,Values,1,2,42,63,1306,0.914,0.9585853658536586,ns
rh_lateraloccipital,Values,1,2,42,63,1313.5,0.953,0.9874457831325301,ns
rh_lateralorbitofrontal,Values,1,2,42,63,1380.5,0.709,0.9238484848484848,ns
rh_lingual,Values,1,2,42,63,1341.5,0.906,0.9585853658536586,ns
rh_medialorbitofrontal,Values,1,2,42,63,960,0.0177,0.7611,ns
rh_middletemporal,Values,1,2,42,63,1570,0.107,0.9238484848484848,ns
rh_paracentral,Values,1,2,42,63,1222,0.511,0.9238484848484848,ns
rh_parahippocampal,Values,1,2,42,63,1263.5,0.699,0.9238484848484848,ns
rh_parsopercularis,Values,1,2,42,63,1023.5,0.0504,0.8585666666666667,ns
rh_parsorbitalis,Values,1,2,42,63,1426.5,0.5,0.9238484848484848,ns
rh_parstriangularis,Values,1,2,42,63,1169.5,0.317,0.9238484848484848,ns
rh_pericalcarine,Values,1,2,42,63,1169,0.315,0.9238484848484848,ns
rh_postcentral,Values,1,2,42,63,1387,0.678,0.9238484848484848,ns
rh_posteriorcingulate,Values,1,2,42,63,1275.5,0.758,0.9585853658536586,ns
rh_precentral,Values,1,2,42,63,1185,0.368,0.9238484848484848,ns
rh_precuneus,Values,1,2,42,63,1548.5,0.141,0.9238484848484848,ns
rh_rostralanteriorcingulate,Values,1,2,42,63,1233.5,0.56,0.9238484848484848,ns
rh_rostralmiddlefrontal,Values,1,2,42,63,1284.5,0.804,0.9585853658536586,ns
rh_superiorfrontal,Values,1,2,42,63,1111,0.166,0.9238484848484848,ns
rh_superiorparietal,Values,1,2,42,63,1104.5,0.154,0.9238484848484848,ns
rh_superiortemporal,Values,1,2,42,63,1190,0.386,0.9238484848484848,ns
rh_supramarginal,Values,1,2,42,63,1389.5,0.666,0.9238484848484848,ns
rh_temporalpole,Values,1,2,42,63,1486,0.288,0.9238484848484848,ns
rh_transversetemporal,Values,1,2,42,63,1015,0.0442,0.8585666666666667,ns
Right_Accumbens_area,Values,1,2,42,63,1398.5,0.624,0.9238484848484848,ns
Right_Amygdala,Values,1,2,42,63,1304,0.904,0.9585853658536586,ns
Right_Caudate,Values,1,2,42,63,1342,0.904,0.9585853658536586,ns
Right_Cerebellum_Cortex,Values,1,2,42,63,1595.5,0.0752,0.87935,ns
Right_Hippocampus,Values,1,2,42,63,1171.5,0.323,0.9238484848484848,ns
Right_Pallidum,Values,1,2,42,63,1290.5,0.834,0.9585853658536586,ns
Right_Putamen,Values,1,2,42,63,1159.5,0.286,0.9238484848484848,ns
Right_Thalamus_Proper,Values,1,2,42,63,1252.5,0.647,0.9238484848484848,ns
Right_VentralDC,Values,1,2,42,63,1134.5,0.219,0.9238484848484848,ns
