variable,statistic,p.value,Regions
.,0.9831079068541686,0.20307837132992432,FrontalPole_R
.,0.9749841316750899,0.04418336316429235,FrontalPole_L
.,0.9787565455025763,0.09004293415057828,InsularCortex_R
.,0.9798041367114924,0.10972236586825576,InsularCortex_L
.,0.9767381787471662,0.06149091726469635,SuperiorFrontalGyrus_R
.,0.9855182622385942,0.31269346963275096,SuperiorFrontalGyrus_L
.,0.9824764635992067,0.18080388581556864,MiddleFrontalGyrus_R
.,0.9868150650747006,0.38990702675552813,MiddleFrontalGyrus_L
.,0.9927313447163331,0.8519914025395396,InferiorFrontalGyrusparstriangularis_R
.,0.9746692011929756,0.0416453105936343,InferiorFrontalGyrusparstriangularis_L
.,0.9798338632474237,0.11033856206564173,InferiorFrontalGyrusparsopercularis_R
.,0.9870680755479945,0.4065364057378201,InferiorFrontalGyrusparsopercularis_L
.,0.9882831789249269,0.49322426045686407,PrecentralGyrus_R
.,0.9911795914753584,0.7305967940387262,PrecentralGyrus_L
.,0.9785890926661797,0.08723897082121061,TemporalPole_R
.,0.9860585941034838,0.34323469290952136,TemporalPole_L
.,0.9754040134332673,0.04781428620094127,SuperiorTemporalGyrusanteriordivision_R
.,0.9925564024823055,0.8394286118595817,SuperiorTemporalGyrusanteriordivision_L
.,0.9877352977128493,0.4527822711054499,SuperiorTemporalGyrusposteriordivision_R
.,0.9725553277270763,0.028054791311384095,SuperiorTemporalGyrusposteriordivision_L
.,0.9836845424436655,0.2255986975664629,MiddleTemporalGyrusanteriordivision_R
.,0.990278592152043,0.6547878247816576,MiddleTemporalGyrusanteriordivision_L
.,0.9881704852301156,0.48473367795045974,MiddleTemporalGyrusposteriordivision_R
.,0.984887820518593,0.27994230844184276,MiddleTemporalGyrusposteriordivision_L
.,0.9904119928651722,0.666043176166584,MiddleTemporalGyrustemporooccipitalpart_R
.,0.9705768325884656,0.01946068538639322,MiddleTemporalGyrustemporooccipitalpart_L
.,0.9119166255786757,3.3349915517256643e-6,InferiorTemporalGyrusanteriordivision_R
.,0.9017432857884875,1.0319163478854e-6,InferiorTemporalGyrusanteriordivision_L
.,0.9390130727259361,1.1379010878152138e-4,InferiorTemporalGyrusposteriordivision_R
.,0.9244092345247871,1.565301675235083e-5,InferiorTemporalGyrusposteriordivision_L
.,0.92393471749162,1.4725455562196963e-5,InferiorTemporalGyrustemporooccipitalpart_R
.,0.9278342517456606,2.4471856178963704e-5,InferiorTemporalGyrustemporooccipitalpart_L
.,0.9827005992952743,0.18843655572918339,PostcentralGyrus_R
.,0.9833155482537695,0.210939694023656,PostcentralGyrus_L
.,0.9910887057890326,0.7230134467505103,SuperiorParietalLobule_R
.,0.9866529685908814,0.3795205526974213,SuperiorParietalLobule_L
.,0.9876686211178142,0.4480084835923205,SupramarginalGyrusanteriordivision_R
.,0.9841926231124336,0.24728698450574657,SupramarginalGyrusanteriordivision_L
.,0.9882074222471848,0.4875070737334261,SupramarginalGyrusposteriordivision_R
.,0.9862511126350092,0.35467789447068854,SupramarginalGyrusposteriordivision_L
.,0.9749738790654457,0.04409830316835665,AngularGyrus_R
.,0.9822073217730173,0.17202107138989572,AngularGyrus_L
.,0.9821441282029238,0.17001786700646135,LateralOccipitalCortexsuperiordivision_R
.,0.9847345038283184,0.2724349784520256,LateralOccipitalCortexsuperiordivision_L
.,0.9655922287047405,0.007908325205146685,LateralOccipitalCortexinferiordivision_R
.,0.9819254016853121,0.16325304946239266,LateralOccipitalCortexinferiordivision_L
.,0.9668442322283689,0.009885277339794298,IntracalcarineCortex_R
.,0.980189081593827,0.11796911059580124,IntracalcarineCortex_L
.,0.9648346838950297,0.006916726262214076,FrontalMedialCortex_R
.,0.9751281298861695,0.045395845475748445,FrontalMedialCortex_L
.,0.9862137735351686,0.3524352938130279,JuxtapositionalLobuleCortex_R
.,0.9820673831533745,0.16761466834400884,JuxtapositionalLobuleCortex_L
.,0.9738259012076319,0.03555704178995974,SubcallosalCortex_R
.,0.9748432856759516,0.043029331179183915,SubcallosalCortex_L
.,0.9813641130298301,0.1470434795704963,ParacingulateGyrus_R
.,0.9757520170084649,0.051052798423622335,ParacingulateGyrus_L
.,0.9792637991855865,0.09909343868415064,CingulateGyrusanteriordivision_R
.,0.981355254898853,0.14680042122739914,CingulateGyrusanteriordivision_L
.,0.9815556525427409,0.15239429354711162,CingulateGyrusposteriordivision_R
.,0.9858030120962055,0.3285000571891733,CingulateGyrusposteriordivision_L
.,0.980110671536611,0.11624160519686512,PrecuneousCortex_R
.,0.9751875528357288,0.04590601957109295,PrecuneousCortex_L
.,0.9832175678547418,0.207196009283715,CunealCortex_R
.,0.9868756455423411,0.3938425227723637,CunealCortex_L
.,0.9741931126994201,0.03808773087494646,FrontalOrbitalCortex_R
.,0.9806000375070261,0.12744031432459732,FrontalOrbitalCortex_L
.,0.9912269887590193,0.7345404446918562,ParahippocampalGyrusanteriordivision_R
.,0.9874542708850943,0.43288805943053754,ParahippocampalGyrusanteriordivision_L
.,0.9866397064832503,0.3786800574059079,ParahippocampalGyrusposteriordivision_R
.,0.9769579703639935,0.06409713253049908,ParahippocampalGyrusposteriordivision_L
.,0.9170404370395309,6.193757204323833e-6,LingualGyrus_R
.,0.9767142973360456,0.06121425312824531,LingualGyrus_L
.,0.9277197638432858,2.410488842018262e-5,TemporalFusiformCortexanteriordivision_R
.,0.8757906762895387,6.880480825519532e-8,TemporalFusiformCortexanteriordivision_L
.,0.9226082877030355,1.2426851593079417e-5,TemporalFusiformCortexposteriordivision_R
.,0.9229192034903315,1.2929421797699715e-5,TemporalFusiformCortexposteriordivision_L
.,0.9356392347519127,7.061072110495742e-5,TemporalOccipitalFusiformCortex_R
.,0.9277977736502411,2.4354298676773002e-5,TemporalOccipitalFusiformCortex_L
.,0.9292112995686255,2.9376866207271568e-5,OccipitalFusiformGyrus_R
.,0.9327555110287097,4.740346498776059e-5,OccipitalFusiformGyrus_L
.,0.9837983389935807,0.2303021924000771,FrontalOperculumCortex_R
.,0.9814678557772478,0.1499189089038777,FrontalOperculumCortex_L
.,0.9803648858811285,0.12193388227492497,CentralOpercularCortex_R
.,0.9797106396525284,0.10780620476256914,CentralOpercularCortex_L
.,0.9780484677657346,0.07876598100368114,ParietalOperculumCortex_R
.,0.9758714368506337,0.05221472237934911,ParietalOperculumCortex_L
.,0.9747270475098162,0.042100095037106315,PlanumPolare_R
.,0.9814772628347008,0.15018228692480168,PlanumPolare_L
.,0.9725703106375015,0.028133050486917926,HeschlsGyrus_R
.,0.9758344730135871,0.0518522353600133,HeschlsGyrus_L
.,0.9785176423808963,0.08606911795445654,PlanumTemporale_R
.,0.9804185322437537,0.12316935770452919,PlanumTemporale_L
.,0.9817030723052919,0.15663866218280106,SupracalcarineCortex_R
.,0.9891448336844745,0.5607677793209332,SupracalcarineCortex_L
.,0.9802827086654443,0.12006470311381676,OccipitalPole_R
.,0.9925897224635435,0.8418502385594144,OccipitalPole_L
.,0.9690813931561901,0.014804260607641263,Brain_Stem_R
.,0.9272880108351671,2.2772286517733995e-5,Brain_Stem_L
.,0.9728360631431155,0.02955906581555043,Thalamus_R
.,0.9855520893432685,0.3145378151914855,Thalamus_L
.,0.9797572211438559,0.10875672134480333,Caudate_R
.,0.9770296442623929,0.06497086031665557,Caudate_L
.,0.9794082391603622,0.10183112315207772,Putamen_R
.,0.9794216633831965,0.10208931816002441,Putamen_L
.,0.9839029130730341,0.23470212426917417,Pallidum_R
.,0.9882186307556257,0.48835050261431234,Pallidum_L
.,0.9893647044584002,0.5786462761610329,Hippocampus_R
.,0.9883242231112417,0.49633789214224233,Hippocampus_L
.,0.9853765057916273,0.30506184426428523,Amygdala_R
.,0.9895673257459051,0.5953065818930505,Amygdala_L
.,0.9870086869857133,0.4025875281442726,Accumbens_R
.,0.9734647055346695,0.03323558323899174,Accumbens_L
