struc_names,z_stat,p_value,p_fdr
FrontalPole_R,-0.1545149110989114,0.873,0.9952
FrontalPole_L,-0.31280610607034715,0.7591,0.9952
InsularCortex_R,0.1068289144283782,0.9153,0.9952
InsularCortex_L,-0.30496811921875844,0.7575,0.9952
SuperiorFrontalGyrus_R,-0.59937423116104,0.5497,0.9952
SuperiorFrontalGyrus_L,-0.3969827286635179,0.7023,0.9952
MiddleFrontalGyrus_R,-0.48765329263739216,0.6237,0.9952
MiddleFrontalGyrus_L,-0.22758046433675194,0.8139,0.9952
InferiorFrontalGyrusparstriangularis_R,0.1901561916858202,0.8409,0.9952
InferiorFrontalGyrusparstriangularis_L,0.10832477457042866,0.913,0.9952
InferiorFrontalGyrusparsopercularis_R,-0.04317942729598862,0.9634,0.9952
InferiorFrontalGyrusparsopercularis_L,0.057946307277617265,0.9573,0.9952
PrecentralGyrus_R,-0.26420015626099946,0.8007,0.9952
PrecentralGyrus_L,-0.16300666477139772,0.8706,0.9952
TemporalPole_R,-0.15358948793337324,0.8801,0.9952
TemporalPole_L,-0.33575293988921934,0.7383,0.9952
SuperiorTemporalGyrusanteriordivision_R,-0.32369108034301103,0.7479,0.9952
SuperiorTemporalGyrusanteriordivision_L,-0.27573919604961167,0.7799,0.9952
SuperiorTemporalGyrusposteriordivision_R,-0.5370324017398354,0.5985,0.9952
SuperiorTemporalGyrusposteriordivision_L,-0.32016969337726797,0.7501,0.9952
MiddleTemporalGyrusanteriordivision_R,0.0987640906519976,0.9233,0.9952
MiddleTemporalGyrusanteriordivision_L,-0.8035454017771861,0.4246,0.9952
MiddleTemporalGyrusposteriordivision_R,-0.9466822938459034,0.3457,0.9952
MiddleTemporalGyrusposteriordivision_L,-0.3822923017311486,0.7071,0.9952
MiddleTemporalGyrustemporooccipitalpart_R,-0.5055859600956754,0.6077,0.9952
MiddleTemporalGyrustemporooccipitalpart_L,-0.06141768069506628,0.9479,0.9952
InferiorTemporalGyrusanteriordivision_R,-0.2863400496339782,0.7755,0.9952
InferiorTemporalGyrusanteriordivision_L,-0.014168917988210685,0.9882,0.9952
InferiorTemporalGyrusposteriordivision_R,0.01443365635549112,0.9891,0.9952
InferiorTemporalGyrusposteriordivision_L,0.03765579328038904,0.9711,0.9952
InferiorTemporalGyrustemporooccipitalpart_R,0.2648314005012121,0.7965,0.9952
InferiorTemporalGyrustemporooccipitalpart_L,0.41477353153742413,0.6844,0.9952
PostcentralGyrus_R,-0.28316007766979334,0.7773,0.9952
PostcentralGyrus_L,-0.37661965269236103,0.7177,0.9952
SuperiorParietalLobule_R,-0.6097255761475426,0.5419,0.9952
SuperiorParietalLobule_L,-0.600019752917573,0.5474,0.9952
SupramarginalGyrusanteriordivision_R,-0.18815711649720704,0.8508,0.9952
SupramarginalGyrusanteriordivision_L,-0.20676001094912724,0.8396,0.9952
SupramarginalGyrusposteriordivision_R,0.011097629432857555,0.9911,0.9952
SupramarginalGyrusposteriordivision_L,-0.12033697245076296,0.9096,0.9952
AngularGyrus_R,0.07676649724847541,0.9455,0.9952
AngularGyrus_L,0.17040478778708812,0.8651,0.9952
LateralOccipitalCortexsuperiordivision_R,-0.10147839469601919,0.9204,0.9952
LateralOccipitalCortexsuperiordivision_L,-0.041415121672768944,0.9681,0.9952
LateralOccipitalCortexinferiordivision_R,-0.19982069470483196,0.844,0.9952
LateralOccipitalCortexinferiordivision_L,-0.4449505610001775,0.6587,0.9952
IntracalcarineCortex_R,0.35208417246236734,0.7224,0.9952
IntracalcarineCortex_L,-0.5854063197420298,0.5688,0.9952
FrontalMedialCortex_R,-0.2717795275835616,0.7836,0.9952
FrontalMedialCortex_L,-0.4459451212776937,0.6517,0.9952
JuxtapositionalLobuleCortex_R,-0.4584985956066328,0.6407,0.9952
JuxtapositionalLobuleCortex_L,-0.21382706811763763,0.8308,0.9952
SubcallosalCortex_R,0.24919436323178454,0.8067,0.9952
SubcallosalCortex_L,0.2805551055683575,0.7809,0.9952
ParacingulateGyrus_R,-0.24274425907195726,0.8131,0.9952
ParacingulateGyrus_L,-0.16538776393077395,0.8678,0.9952
CingulateGyrusanteriordivision_R,-0.7659809329870817,0.4549,0.9952
CingulateGyrusanteriordivision_L,-0.3048337732315522,0.7654,0.9952
CingulateGyrusposteriordivision_R,0.10232008397710608,0.9221,0.9952
CingulateGyrusposteriordivision_L,0.22498259604385065,0.826,0.9952
PrecuneousCortex_R,-0.34030160998379083,0.7295,0.9952
PrecuneousCortex_L,-0.12736363568377237,0.8992,0.9952
CunealCortex_R,-0.6717674991348764,0.5111,0.9952
CunealCortex_L,-0.6604665234985203,0.5018,0.9952
FrontalOrbitalCortex_R,-0.08432470627793204,0.9368,0.9952
FrontalOrbitalCortex_L,-0.16656008632977412,0.8716,0.9952
ParahippocampalGyrusanteriordivision_R,-0.07885368025890505,0.9374,0.9952
ParahippocampalGyrusanteriordivision_L,-0.11329029192628033,0.9108,0.9952
ParahippocampalGyrusposteriordivision_R,-0.2573389736953292,0.7972,0.9952
ParahippocampalGyrusposteriordivision_L,0.3184699516188278,0.7445,0.9952
LingualGyrus_R,0.6698799035467319,0.5157,0.9952
LingualGyrus_L,0.012335864686761455,0.9891,0.9952
TemporalFusiformCortexanteriordivision_R,-0.18605273205511014,0.8575,0.9952
TemporalFusiformCortexanteriordivision_L,-0.5540818193686438,0.5907,0.9952
TemporalFusiformCortexposteriordivision_R,0.2473223876798245,0.8115,0.9952
TemporalFusiformCortexposteriordivision_L,0.32933958695213317,0.7479,0.9952
TemporalOccipitalFusiformCortex_R,0.13994324571524658,0.8904,0.9952
TemporalOccipitalFusiformCortex_L,0.4610280498790717,0.6487,0.9952
OccipitalFusiformGyrus_R,1.0320715422381155,0.3025,0.9952
OccipitalFusiformGyrus_L,0.6447045371311194,0.5234,0.9952
FrontalOperculumCortex_R,-0.15863119386617794,0.8737,0.9952
FrontalOperculumCortex_L,-0.6020939089809545,0.5507,0.9952
CentralOpercularCortex_R,-0.1381314629170956,0.8835,0.9952
CentralOpercularCortex_L,-0.17731320055022318,0.8574,0.9952
ParietalOperculumCortex_R,-0.1485355408594592,0.8853,0.9952
ParietalOperculumCortex_L,-0.11112110427270507,0.9151,0.9952
PlanumPolare_R,0.16112083714651568,0.8742,0.9952
PlanumPolare_L,0.02356125706530912,0.9805,0.9952
HeschlsGyrus_R,0.007009121230129745,0.9949,0.9952
HeschlsGyrus_L,0.4154899813445503,0.6675,0.9952
PlanumTemporale_R,-0.0050411309394343,0.9952,0.9952
PlanumTemporale_L,0.25206196469921804,0.7973,0.9952
SupracalcarineCortex_R,-0.3872278807127903,0.7,0.9952
SupracalcarineCortex_L,-0.5267599034056077,0.5936,0.9952
OccipitalPole_R,-0.14576844502086334,0.8852,0.9952
OccipitalPole_L,-0.37973223245371635,0.7047,0.9952
Brain_Stem_R,0.4854207785324596,0.619,0.9952
Brain_Stem_L,0.5629029836133269,0.5819,0.9952
Thalamus_R,-0.17701183401470452,0.8625,0.9952
Thalamus_L,-0.30122612744827854,0.7683,0.9952
Caudate_R,-0.534245763971864,0.5869,0.9952
Caudate_L,-0.4186144598508455,0.6724,0.9952
Putamen_R,-0.2642535591716817,0.784,0.9952
Putamen_L,-0.31242820822795186,0.7536,0.9952
Pallidum_R,-0.12279549260968255,0.903,0.9952
Pallidum_L,-0.15578740449403586,0.8801,0.9952
Hippocampus_R,-0.9467818448111113,0.3557,0.9952
Hippocampus_L,-0.77659190667615,0.4372,0.9952
Amygdala_R,-0.5165452429042642,0.6035,0.9952
Amygdala_L,-0.8057458870086386,0.4277,0.9952
Accumbens_R,-0.13608891614988836,0.8949,0.9952
Accumbens_L,-0.5357353720985712,0.5997,0.9952
