Variables,.y.,group1,group2,n1,n2,statistic,p,p.adj,p.adj.signif
Accumbens_L,Values,1,2,42,63,1421,0.524,1,ns
Accumbens_R,Values,1,2,42,63,1374,0.741,1,ns
Amygdala_L,Values,1,2,42,63,1474,0.325,1,ns
Amygdala_R,Values,1,2,42,63,1420,0.528,1,ns
AngularGyrus_L,Values,1,2,42,63,1322,0.997,1,ns
AngularGyrus_R,Values,1,2,42,63,1321,0.992,1,ns
Brain_Stem_L,Values,1,2,42,63,1312,0.945,1,ns
Brain_Stem_R,Values,1,2,42,63,1281,0.786,1,ns
Caudate_L,Values,1,2,42,63,1399,0.621,1,ns
Caudate_R,Values,1,2,42,63,1421,0.524,1,ns
CentralOpercularCortex_L,Values,1,2,42,63,1363,0.796,1,ns
CentralOpercularCortex_R,Values,1,2,42,63,1350,0.862,1,ns
CingulateGyrusanteriordivision_L,Values,1,2,42,63,1379,0.717,1,ns
CingulateGyrusanteriordivision_R,Values,1,2,42,63,1439,0.45,1,ns
CingulateGyrusposteriordivision_L,Values,1,2,42,63,1311,0.94,1,ns
CingulateGyrusposteriordivision_R,Values,1,2,42,63,1323,1,1,ns
CunealCortex_L,Values,1,2,42,63,1421,0.524,1,ns
CunealCortex_R,Values,1,2,42,63,1420,0.528,1,ns
FrontalMedialCortex_L,Values,1,2,42,63,1424,0.511,1,ns
FrontalMedialCortex_R,Values,1,2,42,63,1381,0.707,1,ns
FrontalOperculumCortex_L,Values,1,2,42,63,1416,0.545,1,ns
FrontalOperculumCortex_R,Values,1,2,42,63,1349,0.868,1,ns
FrontalOrbitalCortex_L,Values,1,2,42,63,1362,0.801,1,ns
FrontalOrbitalCortex_R,Values,1,2,42,63,1348,0.873,1,ns
FrontalPole_L,Values,1,2,42,63,1385,0.687,1,ns
FrontalPole_R,Values,1,2,42,63,1346,0.883,1,ns
HeschlsGyrus_L,Values,1,2,42,63,1283,0.796,1,ns
HeschlsGyrus_R,Values,1,2,42,63,1337,0.93,1,ns
Hippocampus_L,Values,1,2,42,63,1432,0.478,1,ns
Hippocampus_R,Values,1,2,42,63,1447,0.419,1,ns
InferiorFrontalGyrusparsopercularis_L,Values,1,2,42,63,1340,0.914,1,ns
InferiorFrontalGyrusparsopercularis_R,Values,1,2,42,63,1359,0.816,1,ns
InferiorFrontalGyrusparstriangularis_L,Values,1,2,42,63,1333,0.95,1,ns
InferiorFrontalGyrusparstriangularis_R,Values,1,2,42,63,1340,0.914,1,ns
InferiorTemporalGyrusanteriordivision_L,Values,1,2,42,63,1378.5,0.719,1,ns
InferiorTemporalGyrusanteriordivision_R,Values,1,2,42,63,1414,0.554,1,ns
InferiorTemporalGyrusposteriordivision_L,Values,1,2,42,63,1381,0.707,1,ns
InferiorTemporalGyrusposteriordivision_R,Values,1,2,42,63,1418,0.536,1,ns
InferiorTemporalGyrustemporooccipitalpart_L,Values,1,2,42,63,1332,0.956,1,ns
InferiorTemporalGyrustemporooccipitalpart_R,Values,1,2,42,63,1356,0.832,1,ns
InsularCortex_L,Values,1,2,42,63,1369,0.766,1,ns
InsularCortex_R,Values,1,2,42,63,1310,0.935,1,ns
IntracalcarineCortex_L,Values,1,2,42,63,1413,0.558,1,ns
IntracalcarineCortex_R,Values,1,2,42,63,1353,0.847,1,ns
JuxtapositionalLobuleCortex_L,Values,1,2,42,63,1344,0.893,1,ns
JuxtapositionalLobuleCortex_R,Values,1,2,42,63,1406,0.589,1,ns
LateralOccipitalCortexinferiordivision_L,Values,1,2,42,63,1405,0.594,1,ns
LateralOccipitalCortexinferiordivision_R,Values,1,2,42,63,1308,0.924,1,ns
LateralOccipitalCortexsuperiordivision_L,Values,1,2,42,63,1344,0.893,1,ns
LateralOccipitalCortexsuperiordivision_R,Values,1,2,42,63,1341,0.909,1,ns
LingualGyrus_L,Values,1,2,42,63,1327,0.982,1,ns
LingualGyrus_R,Values,1,2,42,63,1306,0.914,1,ns
MiddleFrontalGyrus_L,Values,1,2,42,63,1385,0.687,1,ns
MiddleFrontalGyrus_R,Values,1,2,42,63,1412,0.563,1,ns
MiddleTemporalGyrusanteriordivision_L,Values,1,2,42,63,1419,0.532,1,ns
MiddleTemporalGyrusanteriordivision_R,Values,1,2,42,63,1318,0.977,1,ns
MiddleTemporalGyrusposteriordivision_L,Values,1,2,42,63,1394,0.645,1,ns
MiddleTemporalGyrusposteriordivision_R,Values,1,2,42,63,1490,0.276,1,ns
MiddleTemporalGyrustemporooccipitalpart_L,Values,1,2,42,63,1347,0.878,1,ns
MiddleTemporalGyrustemporooccipitalpart_R,Values,1,2,42,63,1411,0.567,1,ns
OccipitalFusiformGyrus_L,Values,1,2,42,63,1268,0.721,1,ns
OccipitalFusiformGyrus_R,Values,1,2,42,63,1203,0.434,1,ns
OccipitalPole_L,Values,1,2,42,63,1393,0.649,1,ns
OccipitalPole_R,Values,1,2,42,63,1355,0.837,1,ns
Pallidum_L,Values,1,2,42,63,1362,0.801,1,ns
Pallidum_R,Values,1,2,42,63,1318,0.977,1,ns
ParacingulateGyrus_L,Values,1,2,42,63,1356,0.832,1,ns
ParacingulateGyrus_R,Values,1,2,42,63,1375,0.736,1,ns
ParahippocampalGyrusanteriordivision_L,Values,1,2,42,63,1342,0.904,1,ns
ParahippocampalGyrusanteriordivision_R,Values,1,2,42,63,1353,0.847,1,ns
ParahippocampalGyrusposteriordivision_L,Values,1,2,42,63,1315,0.961,1,ns
ParahippocampalGyrusposteriordivision_R,Values,1,2,42,63,1392,0.654,1,ns
ParietalOperculumCortex_L,Values,1,2,42,63,1348,0.873,1,ns
ParietalOperculumCortex_R,Values,1,2,42,63,1360,0.811,1,ns
PlanumPolare_L,Values,1,2,42,63,1350,0.862,1,ns
PlanumPolare_R,Values,1,2,42,63,1305,0.909,1,ns
PlanumTemporale_L,Values,1,2,42,63,1307,0.919,1,ns
PlanumTemporale_R,Values,1,2,42,63,1349,0.868,1,ns
PostcentralGyrus_L,Values,1,2,42,63,1394,0.645,1,ns
PostcentralGyrus_R,Values,1,2,42,63,1366,0.781,1,ns
PrecentralGyrus_L,Values,1,2,42,63,1362,0.801,1,ns
PrecentralGyrus_R,Values,1,2,42,63,1362,0.801,1,ns
PrecuneousCortex_L,Values,1,2,42,63,1372,0.751,1,ns
PrecuneousCortex_R,Values,1,2,42,63,1406,0.589,1,ns
Putamen_L,Values,1,2,42,63,1378,0.721,1,ns
Putamen_R,Values,1,2,42,63,1365,0.786,1,ns
SubcallosalCortex_L,Values,1,2,42,63,1303,0.899,1,ns
SubcallosalCortex_R,Values,1,2,42,63,1292,0.842,1,ns
SuperiorFrontalGyrus_L,Values,1,2,42,63,1380,0.712,1,ns
SuperiorFrontalGyrus_R,Values,1,2,42,63,1411,0.567,1,ns
SuperiorParietalLobule_L,Values,1,2,42,63,1442,0.438,1,ns
SuperiorParietalLobule_R,Values,1,2,42,63,1405,0.594,1,ns
SuperiorTemporalGyrusanteriordivision_L,Values,1,2,42,63,1374,0.741,1,ns
SuperiorTemporalGyrusanteriordivision_R,Values,1,2,42,63,1385,0.687,1,ns
SuperiorTemporalGyrusposteriordivision_L,Values,1,2,42,63,1382,0.702,1,ns
SuperiorTemporalGyrusposteriordivision_R,Values,1,2,42,63,1440,0.446,1,ns
SupracalcarineCortex_L,Values,1,2,42,63,1420,0.528,1,ns
SupracalcarineCortex_R,Values,1,2,42,63,1391,0.659,1,ns
SupramarginalGyrusanteriordivision_L,Values,1,2,42,63,1372,0.751,1,ns
SupramarginalGyrusanteriordivision_R,Values,1,2,42,63,1372,0.751,1,ns
SupramarginalGyrusposteriordivision_L,Values,1,2,42,63,1377,0.726,1,ns
SupramarginalGyrusposteriordivision_R,Values,1,2,42,63,1325,0.992,1,ns
TemporalFusiformCortexanteriordivision_L,Values,1,2,42,63,1428.5,0.492,1,ns
TemporalFusiformCortexanteriordivision_R,Values,1,2,42,63,1378,0.721,1,ns
TemporalFusiformCortexposteriordivision_L,Values,1,2,42,63,1358,0.821,1,ns
TemporalFusiformCortexposteriordivision_R,Values,1,2,42,63,1343,0.899,1,ns
TemporalOccipitalFusiformCortex_L,Values,1,2,42,63,1325,0.992,1,ns
TemporalOccipitalFusiformCortex_R,Values,1,2,42,63,1387,0.678,1,ns
TemporalPole_L,Values,1,2,42,63,1400,0.617,1,ns
TemporalPole_R,Values,1,2,42,63,1357,0.827,1,ns
Thalamus_L,Values,1,2,42,63,1385,0.687,1,ns
Thalamus_R,Values,1,2,42,63,1340,0.914,1,ns
