struc_names,z_stat,p_value,p_fdr
FrontalPole_R,0.21246201625111655,0.8307,0.9923199999999999
FrontalPole_L,-0.41273643129153365,0.6891,0.9486528735632184
InsularCortex_R,0.454967162628133,0.6531,0.9486528735632184
InsularCortex_L,1.3724952058341757,0.1718,0.8246
SuperiorFrontalGyrus_R,-0.558148209468425,0.5832,0.9486528735632184
SuperiorFrontalGyrus_L,0.05771581117381953,0.9571,0.9923199999999999
MiddleFrontalGyrus_R,-1.6267049153841497,0.1019,0.7867999999999999
MiddleFrontalGyrus_L,-1.022132499784662,0.3164,0.9325473684210526
InferiorFrontalGyrusparstriangularis_R,0.16045214717817208,0.8785,0.9923199999999999
InferiorFrontalGyrusparstriangularis_L,-0.36329180857209414,0.7226,0.9486528735632184
InferiorFrontalGyrusparsopercularis_R,0.09165227341486658,0.9225,0.9923199999999999
InferiorFrontalGyrusparsopercularis_L,-1.349958410870275,0.1847,0.8274560000000001
PrecentralGyrus_R,-1.4214144056708007,0.1511,0.8058666666666667
PrecentralGyrus_L,-0.650617100449338,0.5144,0.9486528735632184
TemporalPole_R,0.033301210008524415,0.9746,0.9923199999999999
TemporalPole_L,-1.0974576262012354,0.2684,0.9171555555555556
SuperiorTemporalGyrusanteriordivision_R,-1.4586525810259476,0.1452,0.8058666666666667
SuperiorTemporalGyrusanteriordivision_L,-0.7773228049146533,0.4444,0.9486528735632184
SuperiorTemporalGyrusposteriordivision_R,-0.11530154889823796,0.9069,0.9923199999999999
SuperiorTemporalGyrusposteriordivision_L,-0.608068942607475,0.5489,0.9486528735632184
MiddleTemporalGyrusanteriordivision_R,0.8366119363010822,0.4129,0.9486528735632184
MiddleTemporalGyrusanteriordivision_L,0.583559905890313,0.5658,0.9486528735632184
MiddleTemporalGyrusposteriordivision_R,1.0590770579112485,0.2899,0.9171555555555556
MiddleTemporalGyrusposteriordivision_L,-0.40205439261346027,0.7078,0.9486528735632184
MiddleTemporalGyrustemporooccipitalpart_R,1.5151273918894668,0.1272,0.8058666666666667
MiddleTemporalGyrustemporooccipitalpart_L,-0.6494069741701186,0.5226,0.9486528735632184
InferiorTemporalGyrusanteriordivision_R,1.6002464498100462,0.1124,0.7867999999999999
InferiorTemporalGyrusanteriordivision_L,-0.9788195788427203,0.3383,0.9472399999999999
InferiorTemporalGyrusposteriordivision_R,-0.8090711671853307,0.4297,0.9486528735632184
InferiorTemporalGyrusposteriordivision_L,-0.3793133201740931,0.7088,0.9486528735632184
InferiorTemporalGyrustemporooccipitalpart_R,-0.07130906900186514,0.9451,0.9923199999999999
InferiorTemporalGyrustemporooccipitalpart_L,-0.435991094555018,0.6648,0.9486528735632184
PostcentralGyrus_R,1.2776405176214396,0.2151,0.8922666666666667
PostcentralGyrus_L,1.003189773153546,0.312,0.9325473684210526
SuperiorParietalLobule_R,0.00320700793000443,0.9974,0.9974
SuperiorParietalLobule_L,2.2582775416486256,0.0221,0.7037333333333333
SupramarginalGyrusanteriordivision_R,0.005494986693554316,0.9955,0.9974
SupramarginalGyrusanteriordivision_L,0.22454864331730365,0.8325,0.9923199999999999
SupramarginalGyrusposteriordivision_R,-2.2357741699943383,0.0262,0.7037333333333333
SupramarginalGyrusposteriordivision_L,-1.7923049933289588,0.0726,0.7867999999999999
AngularGyrus_R,-1.7177440141792242,0.0859,0.7867999999999999
AngularGyrus_L,-0.40723266264309116,0.6809,0.9486528735632184
LateralOccipitalCortexsuperiordivision_R,-0.6079389281567127,0.5421,0.9486528735632184
LateralOccipitalCortexsuperiordivision_L,0.6004887464804911,0.5496,0.9486528735632184
LateralOccipitalCortexinferiordivision_R,2.232395725677821,0.0255,0.7037333333333333
LateralOccipitalCortexinferiordivision_L,1.4346223271004397,0.1599,0.8140363636363636
IntracalcarineCortex_R,-0.24534585754346175,0.8059,0.9923199999999999
IntracalcarineCortex_L,-1.0058614112134023,0.3249,0.9330461538461539
FrontalMedialCortex_R,0.07705979251039922,0.9417,0.9923199999999999
FrontalMedialCortex_L,-2.1283329599055025,0.0322,0.7037333333333333
JuxtapositionalLobuleCortex_R,-0.8464254439744616,0.3952,0.9486528735632184
JuxtapositionalLobuleCortex_L,0.5569799391832808,0.5823,0.9486528735632184
SubcallosalCortex_R,0.2842160225968431,0.7797,0.9811955056179774
SubcallosalCortex_L,0.09035858887753777,0.9284,0.9923199999999999
ParacingulateGyrus_R,-0.481356102787548,0.6282,0.9486528735632184
ParacingulateGyrus_L,0.6354080863445783,0.5228,0.9486528735632184
CingulateGyrusanteriordivision_R,0.13353236230310214,0.8949,0.9923199999999999
CingulateGyrusanteriordivision_L,0.6666328832762402,0.5119,0.9486528735632184
CingulateGyrusposteriordivision_R,0.09275860175946629,0.9282,0.9923199999999999
CingulateGyrusposteriordivision_L,1.3552309139831367,0.1767,0.8246
PrecuneousCortex_R,0.6370041176948887,0.5369,0.9486528735632184
PrecuneousCortex_L,0.12468803547249825,0.9041,0.9923199999999999
CunealCortex_R,0.8557949228007411,0.4007,0.9486528735632184
CunealCortex_L,-1.5817884142823613,0.1092,0.7867999999999999
FrontalOrbitalCortex_R,-0.4131455172186502,0.6803,0.9486528735632184
FrontalOrbitalCortex_L,-0.5620569955233288,0.5836,0.9486528735632184
ParahippocampalGyrusanteriordivision_R,-0.6367958574432533,0.5338,0.9486528735632184
ParahippocampalGyrusanteriordivision_L,-0.3540591141679567,0.7362,0.9486528735632184
ParahippocampalGyrusposteriordivision_R,-0.7126216235161988,0.4808,0.9486528735632184
ParahippocampalGyrusposteriordivision_L,0.8515361816819956,0.4009,0.9486528735632184
LingualGyrus_R,1.0715501641940193,0.2802,0.9171555555555556
LingualGyrus_L,0.09281853331249004,0.9281,0.9923199999999999
TemporalFusiformCortexanteriordivision_R,1.4689285296703891,0.1426,0.8058666666666667
TemporalFusiformCortexanteriordivision_L,-0.24077545823616273,0.812,0.9923199999999999
TemporalFusiformCortexposteriordivision_R,0.3319985599920304,0.7369,0.9486528735632184
TemporalFusiformCortexposteriordivision_L,0.8123024081918638,0.4242,0.9486528735632184
TemporalOccipitalFusiformCortex_R,0.09327633118098308,0.9277,0.9923199999999999
TemporalOccipitalFusiformCortex_L,0.7432374400589531,0.4598,0.9486528735632184
OccipitalFusiformGyrus_R,0.03859712391547767,0.9726,0.9923199999999999
OccipitalFusiformGyrus_L,-1.6927853613677017,0.0916,0.7867999999999999
FrontalOperculumCortex_R,-1.0906995574909195,0.2718,0.9171555555555556
FrontalOperculumCortex_L,-0.4711401479756333,0.6385,0.9486528735632184
CentralOpercularCortex_R,1.1030573978523008,0.2702,0.9171555555555556
CentralOpercularCortex_L,1.2707018127225582,0.2011,0.86627692307692306
ParietalOperculumCortex_R,1.9832964371895794,0.0461,0.7376
ParietalOperculumCortex_L,1.7423292963753856,0.0792,0.7867999999999999
PlanumPolare_R,-0.45639521998061244,0.6497,0.9486528735632184
PlanumPolare_L,-0.6617768666794619,0.5106,0.9486528735632184
HeschlsGyrus_R,-0.9147581750564596,0.3578,0.9486528735632184
HeschlsGyrus_L,1.475690889660441,0.1419,0.8058666666666667
PlanumTemporale_R,0.41156218393612154,0.6928,0.9486528735632184
PlanumTemporale_L,0.9561172183879885,0.3473,0.9486528735632184
SupracalcarineCortex_R,0.43575882815040234,0.6682,0.9486528735632184
SupracalcarineCortex_L,0.3981008253097814,0.6937,0.9486528735632184
OccipitalPole_R,0.4944118516221269,0.644,0.9486528735632184
OccipitalPole_L,-0.40401454415501736,0.7184,0.9486528735632184
Brain_Stem_R,-0.030046975185805184,0.9738,0.9923199999999999
Brain_Stem_L,-0.6780403773400361,0.5099,0.9486528735632184
Thalamus_R,-0.31137958816413,0.7576,0.9642181818181819
Thalamus_L,-1.1583406155483729,0.2476,0.9171555555555556
Caudate_R,-2.0634386765218617,0.0377,0.7037333333333333
Caudate_L,-1.0468327685182137,0.2948,0.9171555555555556
Putamen_R,-0.46282864655549016,0.6487,0.9486528735632184
Putamen_L,1.6143636592386448,0.1095,0.7867999999999999
Pallidum_R,0.7206442255961082,0.488,0.9486528735632184
Pallidum_L,-0.10878293236388174,0.9154,0.9923199999999999
Hippocampus_R,1.1128319213759608,0.2743,0.9171555555555556
Hippocampus_L,-0.07099294511550591,0.9411,0.9923199999999999
Amygdala_R,-1.7465738832803726,0.0798,0.7867999999999999
Amygdala_L,-2.2381687430324675,0.0276,0.7037333333333333
Accumbens_R,0.4624549541303432,0.6697,0.9486528735632184
Accumbens_L,1.1906073159654296,0.2441,0.9171555555555556
