variable,statistic,p.value,Regions
.,0.9498015055234074,5.704855352793708e-4,FrontalPole_R
.,0.8996031103593614,8.133762186955156e-7,FrontalPole_L
.,0.9794287389634745,0.1022256659032634,InsularCortex_R
.,0.9763563603333123,0.057214979925636365,InsularCortex_L
.,0.9378430581781423,9.630341488269171e-5,SuperiorFrontalGyrus_R
.,0.9415470760713414,1.6416388868435835e-4,SuperiorFrontalGyrus_L
.,0.9339592343094578,5.59247883202583e-5,MiddleFrontalGyrus_R
.,0.9029089246390487,1.1761761654952363e-6,MiddleFrontalGyrus_L
.,0.8692914689579601,3.686133131030073e-8,InferiorFrontalGyrusparstriangularis_R
.,0.9142860105015864,4.429368887025766e-6,InferiorFrontalGyrusparstriangularis_L
.,0.936901654300223,8.429461964954656e-5,InferiorFrontalGyrusparsopercularis_R
.,0.9689052029079204,0.01433744343222533,InferiorFrontalGyrusparsopercularis_L
.,0.9499193366300646,5.810703732008968e-4,PrecentralGyrus_R
.,0.9559544128625265,0.0015262952877466555,PrecentralGyrus_L
.,0.9108618019418203,2.9431193422049353e-6,TemporalPole_R
.,0.9353325697523494,6.765374593464527e-5,TemporalPole_L
.,0.9371721337045683,8.757433459024804e-5,SuperiorTemporalGyrusanteriordivision_R
.,0.9336100073988539,5.329792250093367e-5,SuperiorTemporalGyrusanteriordivision_L
.,0.9673890931943394,0.010900484882848735,SuperiorTemporalGyrusposteriordivision_R
.,0.8771549483124688,7.86321031890033e-8,SuperiorTemporalGyrusposteriordivision_L
.,0.8787587857953332,9.210017264598631e-8,MiddleTemporalGyrusanteriordivision_R
.,0.8872485969861259,2.1730492060232648e-7,MiddleTemporalGyrusanteriordivision_L
.,0.9545569391444609,0.0012152293252317159,MiddleTemporalGyrusposteriordivision_R
.,0.815661340433929,3.958674445739451e-10,MiddleTemporalGyrusposteriordivision_L
.,0.9587412378576854,0.0024236629483195163,MiddleTemporalGyrustemporooccipitalpart_R
.,0.951497467605503,7.445658999976158e-4,MiddleTemporalGyrustemporooccipitalpart_L
.,0.7819854002833031,3.520434409628985e-11,InferiorTemporalGyrusanteriordivision_R
.,0.8583853119342806,1.3480347794941024e-8,InferiorTemporalGyrusanteriordivision_L
.,0.860756946645369,1.6706433333513575e-8,InferiorTemporalGyrusposteriordivision_R
.,0.8404303206991615,2.84497963754961e-9,InferiorTemporalGyrusposteriordivision_L
.,0.9210723749037951,1.0228894306708558e-5,InferiorTemporalGyrustemporooccipitalpart_R
.,0.946036224621109,3.199437484621536e-4,InferiorTemporalGyrustemporooccipitalpart_L
.,0.9384071870833748,1.0435179697676279e-4,PostcentralGyrus_R
.,0.968686883521968,0.01378012098433053,PostcentralGyrus_L
.,0.9402074923469801,1.3512838227035202e-4,SuperiorParietalLobule_R
.,0.9212691552118388,1.048601937741247e-5,SuperiorParietalLobule_L
.,0.8849491959872652,1.7159164543138493e-7,SupramarginalGyrusanteriordivision_R
.,0.9623973249417603,0.004518911696797942,SupramarginalGyrusanteriordivision_L
.,0.9597083860664913,0.0028527091725156703,SupramarginalGyrusposteriordivision_R
.,0.9584711151761197,0.002316341796217056,SupramarginalGyrusposteriordivision_L
.,0.9538906789310895,0.0010911113734206291,AngularGyrus_R
.,0.9516253699641676,7.597850849355048e-4,AngularGyrus_L
.,0.847484524926406,5.170058147180889e-9,LateralOccipitalCortexsuperiordivision_R
.,0.9229444714186948,1.297119480612561e-5,LateralOccipitalCortexsuperiordivision_L
.,0.9342164831889312,5.794682214946369e-5,LateralOccipitalCortexinferiordivision_R
.,0.9299269687524415,3.232540448591233e-5,LateralOccipitalCortexinferiordivision_L
.,0.8948054321973018,4.820440487741738e-7,IntracalcarineCortex_R
.,0.8897777140065433,2.82698255857724e-7,IntracalcarineCortex_L
.,0.8325114463708868,1.4840208665524303e-9,FrontalMedialCortex_R
.,0.9353707993937908,6.801514485371476e-5,FrontalMedialCortex_L
.,0.9538566924261747,0.001085148602052298,JuxtapositionalLobuleCortex_R
.,0.8740682363920621,5.820528263540002e-8,JuxtapositionalLobuleCortex_L
.,0.9216932972181826,1.1063645242771359e-5,SubcallosalCortex_R
.,0.8755739841945099,6.736663732120828e-8,SubcallosalCortex_L
.,0.9530437724800019,9.522776188482093e-4,ParacingulateGyrus_R
.,0.9400215600398291,1.3154744635503356e-4,ParacingulateGyrus_L
.,0.9477615582088174,4.1612276911940667e-4,CingulateGyrusanteriordivision_R
.,0.937566987948016,9.260553152516134e-5,CingulateGyrusanteriordivision_L
.,0.8950951245785839,4.97318524043193e-7,CingulateGyrusposteriordivision_R
.,0.8882761794475142,2.4171716604882204e-7,CingulateGyrusposteriordivision_L
.,0.8160275840493302,4.0705396772126363e-10,PrecuneousCortex_R
.,0.8352541972304338,1.855001374023016e-9,PrecuneousCortex_L
.,0.9235301855100844,1.3980397031065348e-5,CunealCortex_R
.,0.9308553050861617,3.662196899375318e-5,CunealCortex_L
.,0.9360280345524801,7.455663203527661e-5,FrontalOrbitalCortex_R
.,0.887684387955067,2.273256084822551e-7,FrontalOrbitalCortex_L
.,0.8656790795338105,2.627011336847468e-8,ParahippocampalGyrusanteriordivision_R
.,0.8389076223330577,2.506368913068438e-9,ParahippocampalGyrusanteriordivision_L
.,0.8091145219847228,2.420073625417922e-10,ParahippocampalGyrusposteriordivision_R
.,0.8177362943505275,4.637930942656836e-10,ParahippocampalGyrusposteriordivision_L
.,0.9584786585379237,0.0023192701327701937,LingualGyrus_R
.,0.9753992041796251,0.0477710245782844,LingualGyrus_L
.,0.7120459415454725,4.711959963277597e-13,TemporalFusiformCortexanteriordivision_R
.,0.838366622088357,2.396469574419809e-9,TemporalFusiformCortexanteriordivision_L
.,0.9231477630961058,1.3312491589908922e-5,TemporalFusiformCortexposteriordivision_R
.,0.8711833466813423,4.411729801590705e-8,TemporalFusiformCortexposteriordivision_L
.,0.8905647236905241,3.070361589305752e-7,TemporalOccipitalFusiformCortex_R
.,0.9125053830587685,3.57725453432383e-6,TemporalOccipitalFusiformCortex_L
.,0.9031781536835,1.212418747046581e-6,OccipitalFusiformGyrus_R
.,0.8895081125907619,2.748343762472386e-7,OccipitalFusiformGyrus_L
.,0.9144405741801157,4.512794241501643e-6,FrontalOperculumCortex_R
.,0.9244633761861467,1.5762694149956596e-5,FrontalOperculumCortex_L
.,0.97218464112077,0.026188307625015433,CentralOpercularCortex_R
.,0.9320650378465494,4.314300378688894e-5,CentralOpercularCortex_L
.,0.9124824943336881,3.5674983203516267e-6,ParietalOperculumCortex_R
.,0.9347817090736064,6.266491770444417e-5,ParietalOperculumCortex_L
.,0.917835766501564,6.830924397574361e-6,PlanumPolare_R
.,0.9422267564617444,1.81343852452479e-4,PlanumPolare_L
.,0.915120773899708,4.900069704943146e-6,HeschlsGyrus_R
.,0.9566470373317956,0.0017104934338704942,HeschlsGyrus_L
.,0.9349774058178137,6.439133498899318e-5,PlanumTemporale_R
.,0.9445620157017925,2.563159605184668e-4,PlanumTemporale_L
.,0.8135111190425424,3.363671628194625e-10,SupracalcarineCortex_R
.,0.8263703239233591,9.080674098682317e-10,SupracalcarineCortex_L
.,0.7266188416923886,1.084586957994602e-12,OccipitalPole_R
.,0.7443445245706065,3.1203437856177737e-12,OccipitalPole_L
.,0.8625513914699601,1.9680884025128065e-8,Brain_Stem_R
.,0.8530509321514155,8.387025289957782e-9,Brain_Stem_L
.,0.821096260096293,6.008750100406619e-10,Thalamus_R
.,0.8920380090009881,3.587059667721624e-7,Thalamus_L
.,0.9423630835980024,1.8501214746165966e-4,Caudate_R
.,0.9204870719403101,9.50258726664676e-6,Caudate_L
.,0.8956269831354772,5.267009965499917e-7,Putamen_R
.,0.8597270009207495,1.5215860654531902e-8,Putamen_L
.,0.7126261950155828,4.868222511166245e-13,Pallidum_R
.,0.7283586688851131,1.2005531266528635e-12,Pallidum_L
.,0.8895664543482383,2.7651641484570803e-7,Hippocampus_R
.,0.9250242375695958,1.6947649740241064e-5,Hippocampus_L
.,0.8023987166500413,1.4775866151533072e-10,Amygdala_R
.,0.8202640116885762,5.633791608914466e-10,Amygdala_L
.,0.5700727542502395,4.865759590073178e-16,Accumbens_R
.,0.816466642786685,4.2090213022514935e-10,Accumbens_L
