Variables,.y.,group1,group2,n1,n2,statistic,p,p.adj,p.adj.signif
Accumbens_L,Values,1,2,42,63,1152.5,0.266,0.8762352941176471,ns
Accumbens_R,Values,1,2,42,63,1321.5,0.995,0.995,ns
Amygdala_L,Values,1,2,42,63,1573,0.103,0.7690666666666667,ns
Amygdala_R,Values,1,2,42,63,1527,0.183,0.861,ns
AngularGyrus_L,Values,1,2,42,63,1387,0.678,0.9796626506024095,ns
AngularGyrus_R,Values,1,2,42,63,1586,0.086,0.7690666666666667,ns
Brain_Stem_L,Values,1,2,42,63,1425,0.507,0.9796626506024095,ns
Brain_Stem_R,Values,1,2,42,63,1335,0.94,0.9886545454545453,ns
Caudate_L,Values,1,2,42,63,1581,0.0921,0.7690666666666667,ns
Caudate_R,Values,1,2,42,63,1678,0.0204,0.7690666666666667,ns
CentralOpercularCortex_L,Values,1,2,42,63,1160,0.288,0.8899459459459459,ns
CentralOpercularCortex_R,Values,1,2,42,63,1173,0.328,0.9315121951219514,ns
CingulateGyrusanteriordivision_L,Values,1,2,42,63,1236,0.572,0.9796626506024095,ns
CingulateGyrusanteriordivision_R,Values,1,2,42,63,1261,0.687,0.9796626506024095,ns
CingulateGyrusposteriordivision_L,Values,1,2,42,63,1160,0.288,0.8899459459459459,ns
CingulateGyrusposteriordivision_R,Values,1,2,42,63,1213,0.474,0.9796626506024095,ns
CunealCortex_L,Values,1,2,42,63,1498,0.254,0.8620606060606061,ns
CunealCortex_R,Values,1,2,42,63,1145,0.246,0.861,ns
FrontalMedialCortex_L,Values,1,2,42,63,1618,0.0541,0.7690666666666667,ns
FrontalMedialCortex_R,Values,1,2,42,63,1300,0.883,0.9886545454545453,ns
FrontalOperculumCortex_L,Values,1,2,42,63,1317,0.971,0.9886545454545453,ns
FrontalOperculumCortex_R,Values,1,2,42,63,1423,0.515,0.9796626506024095,ns
FrontalOrbitalCortex_L,Values,1,2,42,63,1452,0.401,0.9796626506024095,ns
FrontalOrbitalCortex_R,Values,1,2,42,63,1299,0.878,0.9886545454545453,ns
FrontalPole_L,Values,1,2,42,63,1433,0.474,0.9796626506024095,ns
FrontalPole_R,Values,1,2,42,63,1269,0.726,0.9796626506024095,ns
HeschlsGyrus_L,Values,1,2,42,63,1136,0.223,0.861,ns
HeschlsGyrus_R,Values,1,2,42,63,1389,0.668,0.9796626506024095,ns
Hippocampus_L,Values,1,2,42,63,1298,0.873,0.9886545454545453,ns
Hippocampus_R,Values,1,2,42,63,1127,0.201,0.861,ns
InferiorFrontalGyrusparsopercularis_L,Values,1,2,42,63,1526,0.185,0.861,ns
InferiorFrontalGyrusparsopercularis_R,Values,1,2,42,63,1296,0.862,0.9886545454545453,ns
InferiorFrontalGyrusparstriangularis_L,Values,1,2,42,63,1443,0.434,0.9796626506024095,ns
InferiorFrontalGyrusparstriangularis_R,Values,1,2,42,63,1275,0.756,0.9886545454545453,ns
InferiorTemporalGyrusanteriordivision_L,Values,1,2,42,63,1389,0.668,0.9796626506024095,ns
InferiorTemporalGyrusanteriordivision_R,Values,1,2,42,63,1137,0.225,0.861,ns
InferiorTemporalGyrusposteriordivision_L,Values,1,2,42,63,1364,0.791,0.9886545454545453,ns
InferiorTemporalGyrusposteriordivision_R,Values,1,2,42,63,1388,0.673,0.9796626506024095,ns
InferiorTemporalGyrustemporooccipitalpart_L,Values,1,2,42,63,1381,0.707,0.9796626506024095,ns
InferiorTemporalGyrustemporooccipitalpart_R,Values,1,2,42,63,1315,0.961,0.9886545454545453,ns
InsularCortex_L,Values,1,2,42,63,1073,0.103,0.7690666666666667,ns
InsularCortex_R,Values,1,2,42,63,1218,0.494,0.9796626506024095,ns
IntracalcarineCortex_L,Values,1,2,42,63,1342,0.904,0.9886545454545453,ns
IntracalcarineCortex_R,Values,1,2,42,63,1425,0.507,0.9796626506024095,ns
JuxtapositionalLobuleCortex_L,Values,1,2,42,63,1283,0.796,0.9886545454545453,ns
JuxtapositionalLobuleCortex_R,Values,1,2,42,63,1416,0.545,0.9796626506024095,ns
LateralOccipitalCortexinferiordivision_L,Values,1,2,42,63,1098,0.142,0.8370526315789473,ns
LateralOccipitalCortexinferiordivision_R,Values,1,2,42,63,1005,0.0378,0.7690666666666667,ns
LateralOccipitalCortexsuperiordivision_L,Values,1,2,42,63,1345,0.888,0.9886545454545453,ns
LateralOccipitalCortexsuperiordivision_R,Values,1,2,42,63,1399,0.621,0.9796626506024095,ns
LingualGyrus_L,Values,1,2,42,63,1290,0.832,0.9886545454545453,ns
LingualGyrus_R,Values,1,2,42,63,1144,0.243,0.861,ns
MiddleFrontalGyrus_L,Values,1,2,42,63,1549,0.14,0.8370526315789473,ns
MiddleFrontalGyrus_R,Values,1,2,42,63,1639,0.039,0.7690666666666667,ns
MiddleTemporalGyrusanteriordivision_L,Values,1,2,42,63,1317,0.971,0.9886545454545453,ns
MiddleTemporalGyrusanteriordivision_R,Values,1,2,42,63,1171,0.322,0.9315121951219514,ns
MiddleTemporalGyrusposteriordivision_L,Values,1,2,42,63,1559,0.123,0.8370526315789473,ns
MiddleTemporalGyrusposteriordivision_R,Values,1,2,42,63,1128,0.203,0.861,ns
MiddleTemporalGyrustemporooccipitalpart_L,Values,1,2,42,63,1419,0.532,0.9796626506024095,ns
MiddleTemporalGyrustemporooccipitalpart_R,Values,1,2,42,63,1072,0.101,0.7690666666666667,ns
OccipitalFusiformGyrus_L,Values,1,2,42,63,1554,0.132,0.8370526315789473,ns
OccipitalFusiformGyrus_R,Values,1,2,42,63,1207,0.45,0.9796626506024095,ns
OccipitalPole_L,Values,1,2,42,63,1293,0.847,0.9886545454545453,ns
OccipitalPole_R,Values,1,2,42,63,1264,0.702,0.9796626506024095,ns
Pallidum_L,Values,1,2,42,63,1325,0.992,0.995,ns
Pallidum_R,Values,1,2,42,63,1180,0.351,0.9359999999999999,ns
ParacingulateGyrus_L,Values,1,2,42,63,1162,0.294,0.8899459459459459,ns
ParacingulateGyrus_R,Values,1,2,42,63,1386,0.683,0.9796626506024095,ns
ParahippocampalGyrusanteriordivision_L,Values,1,2,42,63,1333,0.95,0.9886545454545453,ns
ParahippocampalGyrusanteriordivision_R,Values,1,2,42,63,1471,0.335,0.9315121951219514,ns
ParahippocampalGyrusposteriordivision_L,Values,1,2,42,63,1191,0.39,0.9796626506024095,ns
ParahippocampalGyrusposteriordivision_R,Values,1,2,42,63,1411,0.567,0.9796626506024095,ns
ParietalOperculumCortex_L,Values,1,2,42,63,1115,0.175,0.861,ns
ParietalOperculumCortex_R,Values,1,2,42,63,1067,0.0947,0.7690666666666667,ns
PlanumPolare_L,Values,1,2,42,63,1415,0.55,0.9796626506024095,ns
PlanumPolare_R,Values,1,2,42,63,1402,0.608,0.9796626506024095,ns
PlanumTemporale_L,Values,1,2,42,63,1177,0.341,0.9315121951219514,ns
PlanumTemporale_R,Values,1,2,42,63,1205,0.442,0.9796626506024095,ns
PostcentralGyrus_L,Values,1,2,42,63,1183,0.362,0.9428837209302326,ns
PostcentralGyrus_R,Values,1,2,42,63,1213,0.474,0.9796626506024095,ns
PrecentralGyrus_L,Values,1,2,42,63,1386,0.683,0.9796626506024095,ns
PrecentralGyrus_R,Values,1,2,42,63,1504,0.238,0.861,ns
PrecuneousCortex_L,Values,1,2,42,63,1341,0.909,0.9886545454545453,ns
PrecuneousCortex_R,Values,1,2,42,63,1303,0.899,0.9886545454545453,ns
Putamen_L,Values,1,2,42,63,1018,0.0464,0.7690666666666667,ns
Putamen_R,Values,1,2,42,63,1315,0.961,0.9886545454545453,ns
SubcallosalCortex_L,Values,1,2,42,63,1226,0.528,0.9796626506024095,ns
SubcallosalCortex_R,Values,1,2,42,63,1410,0.572,0.9796626506024095,ns
SuperiorFrontalGyrus_L,Values,1,2,42,63,1390,0.664,0.9796626506024095,ns
SuperiorFrontalGyrus_R,Values,1,2,42,63,1337,0.93,0.9886545454545453,ns
SuperiorParietalLobule_L,Values,1,2,42,63,1040,0.0646,0.7690666666666667,ns
SuperiorParietalLobule_R,Values,1,2,42,63,1377,0.726,0.9796626506024095,ns
SuperiorTemporalGyrusanteriordivision_L,Values,1,2,42,63,1398,0.626,0.9796626506024095,ns
SuperiorTemporalGyrusanteriordivision_R,Values,1,2,42,63,1502,0.243,0.861,ns
SuperiorTemporalGyrusposteriordivision_L,Values,1,2,42,63,1350,0.862,0.9886545454545453,ns
SuperiorTemporalGyrusposteriordivision_R,Values,1,2,42,63,1403,0.603,0.9796626506024095,ns
SupracalcarineCortex_L,Values,1,2,42,63,1284,0.801,0.9886545454545453,ns
SupracalcarineCortex_R,Values,1,2,42,63,1301,0.888,0.9886545454545453,ns
SupramarginalGyrusanteriordivision_L,Values,1,2,42,63,1274,0.751,0.9886545454545453,ns
SupramarginalGyrusanteriordivision_R,Values,1,2,42,63,1406,0.589,0.9796626506024095,ns
SupramarginalGyrusposteriordivision_L,Values,1,2,42,63,1597,0.0736,0.7690666666666667,ns
SupramarginalGyrusposteriordivision_R,Values,1,2,42,63,1664,0.0259,0.7690666666666667,ns
TemporalFusiformCortexanteriordivision_L,Values,1,2,42,63,1368,0.771,0.9886545454545453,ns
TemporalFusiformCortexanteriordivision_R,Values,1,2,42,63,1068,0.096,0.7690666666666667,ns
TemporalFusiformCortexposteriordivision_L,Values,1,2,42,63,1268,0.721,0.9796626506024095,ns
TemporalFusiformCortexposteriordivision_R,Values,1,2,42,63,1239,0.585,0.9796626506024095,ns
TemporalOccipitalFusiformCortex_L,Values,1,2,42,63,1243,0.603,0.9796626506024095,ns
TemporalOccipitalFusiformCortex_R,Values,1,2,42,63,1234,0.563,0.9796626506024095,ns
TemporalPole_L,Values,1,2,42,63,1531,0.175,0.861,ns
TemporalPole_R,Values,1,2,42,63,1302,0.893,0.9886545454545453,ns
Thalamus_L,Values,1,2,42,63,1504,0.238,0.861,ns
Thalamus_R,Values,1,2,42,63,1316,0.966,0.9886545454545453,ns
