Clinicals,a
ccqg.score,0.7734585100152527
ccqn.score,0.3996228904560889
BIS_cog,0.9246420218861706
BIS_mot,0.86037433105066
BIS_nonp,0.9280268529267253
BIS_tot_score,0.9280268529267253
ASIP_medical,0.7219766685531939
ASIP_employment,0.9280268529267253
ASIP_alcohol_use,0.86037433105066
ASIP_drugs_use,0.86037433105066
ASIP_family_social,0.7219766685531939
ASIP_psychiatric,0.86037433105066
WHODAS_TOTAL,0.7593162573038841
WHODAS_TUC,0.5237802239557906
WHODAS_TGA,0.86037433105066
WHODAS_TSC,0.9246420218861706
WHODAS_TGAP,0.7734585100152527
WHODAS_TLA,0.9246420218861706
WHODAS_TPS,0.9246420218861706
