Clinicals,a
ccqg.score,-0.15179203314439152
ccqn.score,-0.29255024661509293
BIS_cog,0.03915214782685766
BIS_mot,0.11077192511812428
BIS_nonp,0.019184533766313717
BIS_tot_score,0.012586054564853915
ASIP_medical,-0.26354403053567177
ASIP_employment,0.024930443481738937
ASIP_alcohol_use,0.14446956685684095
ASIP_drugs_use,0.1175335746414414
ASIP_family_social,0.25168165388934177
ASIP_psychiatric,-0.13698883422846636
WHODAS_TOTAL,-0.1637109491001652
WHODAS_TUC,-0.2428540632064173
WHODAS_TGA,-0.08270546419664095
WHODAS_TSC,-0.04284953486607624
WHODAS_TGAP,-0.13681750815326538
WHODAS_TLA,-0.0386903050593977
WHODAS_TPS,-0.04429472259753756
