Clinicals,a
ccqg.score,0.2553483074300926
ccqn.score,0.021032783708215205
BIS_cog,0.7786459131673016
BIS_mot,0.42520959942635506
BIS_nonp,0.8904847397938339
BIS_tot_score,0.9280268529267253
ASIP_medical,0.15199508811646187
ASIP_employment,0.8959592105841495
ASIP_alcohol_use,0.5433943143477853
ASIP_drugs_use,0.4948054406992929
ASIP_family_social,0.14470566101354887
ASIP_psychiatric,0.45468333151107587
WHODAS_TOTAL,0.19982006771154845
WHODAS_TUC,0.05513476041639901
WHODAS_TGA,0.5193068597733876
WHODAS_TSC,0.7387944697370976
WHODAS_TGAP,0.28495839842667203
WHODAS_TLA,0.7633703003985082
WHODAS_TPS,0.7303143703699249
