Clinicals,a
ccqg.score,0.19867712810021895
ccqn.score,0.08207827597439633
BIS_cog,0.08086600845098042
BIS_mot,0.06954736304797465
BIS_nonp,0.2142400324580771
BIS_tot_score,0.15457963379197853
ASIP_medical,0.12894522286110013
ASIP_employment,-0.017584866384440855
ASIP_alcohol_use,-0.07524456607127133
ASIP_drugs_use,-0.09095627894864565
ASIP_family_social,0.04260090355365251
ASIP_psychiatric,-0.12030077008550726
WHODAS_TOTAL,-0.128597120882562
WHODAS_TUC,-0.01996668607360922
WHODAS_TGA,-0.126137383942363
WHODAS_TSC,-0.07447500050683206
WHODAS_TGAP,-0.17312092644758595
WHODAS_TLA,0.017708864048332783
WHODAS_TPS,-0.14221606400001582
