Clinicals,a
ccqg.score,0.1348906959715827
ccqn.score,0.5259477640379874
BIS_cog,0.5610449357032194
BIS_mot,0.617276421993409
BIS_nonp,0.11979795127322984
BIS_tot_score,0.2643927311452108
ASIP_medical,0.4893593163910467
ASIP_employment,0.9265148384775261
ASIP_alcohol_use,0.7525461491256114
ASIP_drugs_use,0.5977954931909804
ASIP_family_social,0.808015107337068
ASIP_psychiatric,0.5119290044590357
WHODAS_TOTAL,0.3151634098203811
WHODAS_TUC,0.8765670583742019
WHODAS_TGA,0.3245860506645578
WHODAS_TSC,0.5618497187384416
WHODAS_TGAP,0.17482608978414615
WHODAS_TLA,0.8904334144852858
WHODAS_TPS,0.26619682482999696
