Clinicals,a
ccqg.score,0.8377322869910552
ccqn.score,0.8377322869910552
BIS_cog,0.8377322869910552
BIS_mot,0.8377322869910552
BIS_nonp,0.8377322869910552
BIS_tot_score,0.8377322869910552
ASIP_medical,0.8377322869910552
ASIP_employment,0.9265148384775261
ASIP_alcohol_use,0.9265148384775261
ASIP_drugs_use,0.8377322869910552
ASIP_family_social,0.9265148384775261
ASIP_psychiatric,0.8377322869910552
WHODAS_TOTAL,0.8377322869910552
WHODAS_TUC,0.9265148384775261
WHODAS_TGA,0.8377322869910552
WHODAS_TSC,0.8377322869910552
WHODAS_TGAP,0.8377322869910552
WHODAS_TLA,0.9265148384775261
WHODAS_TPS,0.8377322869910552
