Clinicals,a
ccqg.score,0.034210121778792735
ccqn.score,0.04430060983091843
BIS_cog,-0.015599683899763598
BIS_mot,0.05286668376588633
BIS_nonp,0.12309438896672609
BIS_tot_score,0.11346518888012241
ASIP_medical,-0.3848786584555603
ASIP_employment,0.04496383556527915
ASIP_alcohol_use,0.1354402189282884
ASIP_drugs_use,0.10811540675030505
ASIP_family_social,0.3468330141292433
ASIP_psychiatric,0.18943703582062346
WHODAS_TOTAL,0.1802978679543369
WHODAS_TUC,0.1898560693073311
WHODAS_TGA,0.21141708046435828
WHODAS_TSC,0.22220355869303482
WHODAS_TGAP,0.06269136551265929
WHODAS_TLA,0.2401385305153204
WHODAS_TPS,0.19177428118864998
