Clinicals,a
ccqg.score,0.7987697764399152
ccqn.score,0.732431892995956
BIS_cog,0.9108565080466056
BIS_mot,0.7041943321662993
BIS_nonp,0.3752033946049995
BIS_tot_score,0.41396919653016884
ASIP_medical,0.032517886069974036
ASIP_employment,0.8134858287410556
ASIP_alcohol_use,0.5691253789404813
ASIP_drugs_use,0.5302378492739186
ASIP_family_social,0.041228719608328024
ASIP_psychiatric,0.2990733558500948
WHODAS_TOTAL,0.1573528958701193
WHODAS_TUC,0.13613181967880356
WHODAS_TGA,0.0962468515148223
WHODAS_TSC,0.08006265565322357
WHODAS_TGAP,0.6254694348964092
WHODAS_TLA,0.057997908438935764
WHODAS_TPS,0.13214576640411746
