Clinicals,a
ccqg.score,0.8586794858933364
ccqn.score,0.8586794858933364
BIS_cog,0.9108565080466056
BIS_mot,0.8586794858933364
BIS_nonp,0.712886449749499
BIS_tot_score,0.7150377030975643
ASIP_medical,0.36573803575632474
ASIP_employment,0.8586794858933364
ASIP_alcohol_use,0.8317986307591649
ASIP_drugs_use,0.8317986307591649
ASIP_family_social,0.36573803575632474
ASIP_psychiatric,0.6313770845724224
WHODAS_TOTAL,0.37371312769153336
WHODAS_TUC,0.3695006534138954
WHODAS_TGA,0.36573803575632474
WHODAS_TSC,0.36573803575632474
WHODAS_TGAP,0.848851375930841
WHODAS_TLA,0.36573803575632474
WHODAS_TPS,0.3695006534138954
