Clinicals,a
ccqg.score,-0.10662975007670471
ccqn.score,0.0366695212699359
BIS_cog,-0.16161731334387436
BIS_mot,-0.16600520411396366
BIS_nonp,-0.10295445013236884
BIS_tot_score,-0.1930243095537141
ASIP_medical,0.07480127599362302
ASIP_employment,0.019810798838167547
ASIP_alcohol_use,-0.13318288194615027
ASIP_drugs_use,-0.2642247649458529
ASIP_family_social,0.3312780789501136
ASIP_psychiatric,0.24500278785706964
WHODAS_TOTAL,0.12903361874714547
WHODAS_TUC,0.16195200926371922
WHODAS_TGA,0.16448684499443672
WHODAS_TSC,0.11316502736587777
WHODAS_TGAP,0.14398756653885436
WHODAS_TLA,0.04613277847464338
WHODAS_TPS,0.08591955663437395
