Clinicals,a
ccqg.score,0.42564542500359237
ccqn.score,0.777211184543029
BIS_cog,0.2429902738037793
BIS_mot,0.2302614798293969
BIS_nonp,0.458798348809353
BIS_tot_score,0.16198271368755734
ASIP_medical,0.6892138130818135
ASIP_employment,0.9172427458227694
ASIP_alcohol_use,0.5756400821852516
ASIP_drugs_use,0.11941834278968981
ASIP_family_social,0.051897990543581914
ASIP_psychiatric,0.1765327957071429
WHODAS_TOTAL,0.31350979526594364
WHODAS_TUC,0.20476093604186704
WHODAS_TGA,0.1976677821555337
WHODAS_TSC,0.37719621468340236
WHODAS_TGAP,0.2602253081971921
WHODAS_TLA,0.7195753873370756
WHODAS_TPS,0.5031454755450755
