Clinicals,a
ccqg.score,0.6705514328752081
ccqn.score,0.8203895836843084
BIS_cog,0.5493645395274055
BIS_mot,0.5493645395274055
BIS_nonp,0.6705514328752081
BIS_tot_score,0.5493645395274055
ASIP_medical,0.8042313152590845
ASIP_employment,0.9172427458227694
ASIP_alcohol_use,0.7291441041013187
ASIP_drugs_use,0.5493645395274055
ASIP_family_social,0.5493645395274055
ASIP_psychiatric,0.5493645395274055
WHODAS_TOTAL,0.5956686110052929
WHODAS_TUC,0.5493645395274055
WHODAS_TGA,0.5493645395274055
WHODAS_TSC,0.6515207344531495
WHODAS_TGAP,0.5493645395274055
WHODAS_TLA,0.8042313152590845
WHODAS_TPS,0.6828402882397453
