Variables,.y.,group1,group2,n1,n2,statistic,p,p.adj,p.adj.signif
Left_Accumbens_area,Values,1,2,42,63,1431,0.482,0.9186984126984128,ns
Left_Amygdala,Values,1,2,42,63,1347,0.878,0.992,ns
Left_Caudate,Values,1,2,42,63,1302,0.893,0.992,ns
Left_Cerebellum_Cortex,Values,1,2,42,63,1190,0.386,0.9186984126984128,ns
Left_Hippocampus,Values,1,2,42,63,1133,0.215,0.9186984126984128,ns
Left_Pallidum,Values,1,2,42,63,1337,0.93,0.992,ns
Left_Putamen,Values,1,2,42,63,977,0.0238,0.9186984126984128,ns
Left_Thalamus_Proper,Values,1,2,42,63,1237,0.576,0.9186984126984128,ns
Left_VentralDC,Values,1,2,42,63,1365,0.786,0.9785405405405404,ns
lh_bankssts,Values,1,2,42,63,1399,0.621,0.9186984126984128,ns
lh_caudalanteriorcingulate,Values,1,2,42,63,1399,0.621,0.9186984126984128,ns
lh_caudalmiddlefrontal,Values,1,2,42,63,1254,0.654,0.9186984126984128,ns
lh_cuneus,Values,1,2,42,63,1464,0.358,0.9186984126984128,ns
lh_entorhinal,Values,1,2,42,63,1309,0.93,0.992,ns
lh_frontalpole,Values,1,2,42,63,1283,0.796,0.9785405405405404,ns
lh_fusiform,Values,1,2,42,63,1235,0.567,0.9186984126984128,ns
lh_inferiorparietal,Values,1,2,42,63,1175,0.335,0.9186984126984128,ns
lh_inferiortemporal,Values,1,2,42,63,1151,0.262,0.9186984126984128,ns
lh_insula,Values,1,2,42,63,1174,0.331,0.9186984126984128,ns
lh_isthmuscingulate,Values,1,2,42,63,1159,0.285,0.9186984126984128,ns
lh_lateraloccipital,Values,1,2,42,63,985,0.0273,0.9186984126984128,ns
lh_lateralorbitofrontal,Values,1,2,42,63,1414,0.554,0.9186984126984128,ns
lh_lingual,Values,1,2,42,63,1085,0.12,0.9186984126984128,ns
lh_medialorbitofrontal,Values,1,2,42,63,1246,0.617,0.9186984126984128,ns
lh_middletemporal,Values,1,2,42,63,1443,0.434,0.9186984126984128,ns
lh_paracentral,Values,1,2,42,63,1291,0.837,0.9785405405405404,ns
lh_parahippocampal,Values,1,2,42,63,1418,0.536,0.9186984126984128,ns
lh_parsopercularis,Values,1,2,42,63,1251,0.64,0.9186984126984128,ns
lh_parsorbitalis,Values,1,2,42,63,1390,0.664,0.9186984126984128,ns
lh_parstriangularis,Values,1,2,42,63,1372,0.751,0.9785405405405404,ns
lh_pericalcarine,Values,1,2,42,63,1130,0.208,0.9186984126984128,ns
lh_postcentral,Values,1,2,42,63,1327,0.982,0.992,ns
lh_posteriorcingulate,Values,1,2,42,63,1354,0.842,0.9785405405405404,ns
lh_precentral,Values,1,2,42,63,1174,0.331,0.9186984126984128,ns
lh_precuneus,Values,1,2,42,63,1355,0.837,0.9785405405405404,ns
lh_rostralanteriorcingulate,Values,1,2,42,63,1455,0.39,0.9186984126984128,ns
lh_rostralmiddlefrontal,Values,1,2,42,63,1218,0.494,0.9186984126984128,ns
lh_superiorfrontal,Values,1,2,42,63,1182,0.358,0.9186984126984128,ns
lh_superiorparietal,Values,1,2,42,63,1196,0.408,0.9186984126984128,ns
lh_superiortemporal,Values,1,2,42,63,1104,0.153,0.9186984126984128,ns
lh_supramarginal,Values,1,2,42,63,1245,0.612,0.9186984126984128,ns
lh_temporalpole,Values,1,2,42,63,1194,0.401,0.9186984126984128,ns
lh_transversetemporal,Values,1,2,42,63,1232,0.554,0.9186984126984128,ns
rh_bankssts,Values,1,2,42,63,1494,0.265,0.9186984126984128,ns
rh_caudalanteriorcingulate,Values,1,2,42,63,1202,0.431,0.9186984126984128,ns
rh_caudalmiddlefrontal,Values,1,2,42,63,1212,0.47,0.9186984126984128,ns
rh_cuneus,Values,1,2,42,63,1486,0.288,0.9186984126984128,ns
rh_entorhinal,Values,1,2,42,63,1335,0.94,0.992,ns
rh_frontalpole,Values,1,2,42,63,1109,0.163,0.9186984126984128,ns
rh_fusiform,Values,1,2,42,63,1489,0.279,0.9186984126984128,ns
rh_inferiorparietal,Values,1,2,42,63,1181,0.355,0.9186984126984128,ns
rh_inferiortemporal,Values,1,2,42,63,1374,0.741,0.9785405405405404,ns
rh_insula,Values,1,2,42,63,1502,0.243,0.9186984126984128,ns
rh_isthmuscingulate,Values,1,2,42,63,1303,0.899,0.992,ns
rh_lateraloccipital,Values,1,2,42,63,1321,0.992,0.992,ns
rh_lateralorbitofrontal,Values,1,2,42,63,1314,0.956,0.992,ns
rh_lingual,Values,1,2,42,63,1193,0.397,0.9186984126984128,ns
rh_medialorbitofrontal,Values,1,2,42,63,1590,0.0813,0.9186984126984128,ns
rh_middletemporal,Values,1,2,42,63,1189,0.383,0.9186984126984128,ns
rh_paracentral,Values,1,2,42,63,1211,0.466,0.9186984126984128,ns
rh_parahippocampal,Values,1,2,42,63,1269,0.726,0.9755625,ns
rh_parsopercularis,Values,1,2,42,63,1530,0.177,0.9186984126984128,ns
rh_parsorbitalis,Values,1,2,42,63,1063,0.0896,0.9186984126984128,ns
rh_parstriangularis,Values,1,2,42,63,1312,0.945,0.992,ns
rh_pericalcarine,Values,1,2,42,63,1288,0.821,0.9785405405405404,ns
rh_postcentral,Values,1,2,42,63,1291,0.837,0.9785405405405404,ns
rh_posteriorcingulate,Values,1,2,42,63,1244,0.608,0.9186984126984128,ns
rh_precentral,Values,1,2,42,63,1161,0.291,0.9186984126984128,ns
rh_precuneus,Values,1,2,42,63,1173,0.328,0.9186984126984128,ns
rh_rostralanteriorcingulate,Values,1,2,42,63,1327,0.982,0.992,ns
rh_rostralmiddlefrontal,Values,1,2,42,63,1412,0.563,0.9186984126984128,ns
rh_superiorfrontal,Values,1,2,42,63,1258,0.673,0.9186984126984128,ns
rh_superiorparietal,Values,1,2,42,63,1325,0.992,0.992,ns
rh_superiortemporal,Values,1,2,42,63,1255,0.659,0.9186984126984128,ns
rh_supramarginal,Values,1,2,42,63,1220,0.503,0.9186984126984128,ns
rh_temporalpole,Values,1,2,42,63,1047,0.0715,0.9186984126984128,ns
rh_transversetemporal,Values,1,2,42,63,1401,0.612,0.9186984126984128,ns
Right_Accumbens_area,Values,1,2,42,63,1220,0.503,0.9186984126984128,ns
Right_Amygdala,Values,1,2,42,63,1111,0.167,0.9186984126984128,ns
Right_Caudate,Values,1,2,42,63,1232,0.554,0.9186984126984128,ns
Right_Cerebellum_Cortex,Values,1,2,42,63,1435,0.466,0.9186984126984128,ns
Right_Hippocampus,Values,1,2,42,63,1459,0.375,0.9186984126984128,ns
Right_Pallidum,Values,1,2,42,63,1050,0.0747,0.9186984126984128,ns
Right_Putamen,Values,1,2,42,63,1173,0.328,0.9186984126984128,ns
Right_Thalamus_Proper,Values,1,2,42,63,1217,0.49,0.9186984126984128,ns
Right_VentralDC,Values,1,2,42,63,1363,0.796,0.9785405405405404,ns
