struc_names,z_stat,p_value,p_fdr
FrontalPole_R,-0.18552058828724236,0.8576,0.9965
FrontalPole_L,-0.34119067962673955,0.7311,0.9965
InsularCortex_R,-1.1413730817209475,0.2522,0.9965
InsularCortex_L,-0.05515984880063353,0.9506,0.9965
SuperiorFrontalGyrus_R,0.18962931713050327,0.851,0.9965
SuperiorFrontalGyrus_L,-0.21561434893786302,0.8364,0.9965
MiddleFrontalGyrus_R,0.0768395154156602,0.9404,0.9965
MiddleFrontalGyrus_L,-0.5755403783263204,0.5723,0.9965
InferiorFrontalGyrusparstriangularis_R,-0.8289868107022811,0.4174,0.9965
InferiorFrontalGyrusparstriangularis_L,-0.2221922279565466,0.8232,0.9965
InferiorFrontalGyrusparsopercularis_R,-0.36065287057027734,0.7214,0.9965
InferiorFrontalGyrusparsopercularis_L,-0.28643702242196956,0.7796,0.9965
PrecentralGyrus_R,-0.3258422915545182,0.7472,0.9965
PrecentralGyrus_L,-0.5224264143408803,0.6058,0.9965
TemporalPole_R,-0.8367933043578185,0.415,0.9965
TemporalPole_L,-0.18623219058885412,0.8557,0.9965
SuperiorTemporalGyrusanteriordivision_R,-0.0713743544412074,0.9404,0.9965
SuperiorTemporalGyrusanteriordivision_L,0.33180599521416265,0.7423,0.9965
SuperiorTemporalGyrusposteriordivision_R,0.38930236149782776,0.7001,0.9965
SuperiorTemporalGyrusposteriordivision_L,-0.041983074241506955,0.9677,0.9965
MiddleTemporalGyrusanteriordivision_R,-0.7334465758679588,0.4695,0.9965
MiddleTemporalGyrusanteriordivision_L,0.5545090115683143,0.5884,0.9965
MiddleTemporalGyrusposteriordivision_R,1.0381459334142544,0.3099,0.9965
MiddleTemporalGyrusposteriordivision_L,-0.0736379651952459,0.9378,0.9965
MiddleTemporalGyrustemporooccipitalpart_R,0.22814350419844254,0.8103,0.9965
MiddleTemporalGyrustemporooccipitalpart_L,0.22468717848201766,0.8222,0.9965
InferiorTemporalGyrusanteriordivision_R,-0.673540618373283,0.5093,0.9965
InferiorTemporalGyrusanteriordivision_L,-0.9147336909616877,0.3644,0.9965
InferiorTemporalGyrusposteriordivision_R,0.12925180001527942,0.9035,0.9965
InferiorTemporalGyrusposteriordivision_L,0.7253279431339662,0.4744,0.9965
InferiorTemporalGyrustemporooccipitalpart_R,-0.22624214133511703,0.8188,0.9965
InferiorTemporalGyrustemporooccipitalpart_L,0.5415649758650922,0.5889,0.9965
PostcentralGyrus_R,-0.3441647688407222,0.7283,0.9965
PostcentralGyrus_L,-0.05188623033495672,0.9584,0.9965
SuperiorParietalLobule_R,0.21600042688759888,0.8294,0.9965
SuperiorParietalLobule_L,0.1824776899693126,0.8568,0.9965
SupramarginalGyrusanteriordivision_R,-0.6559949328074429,0.5205,0.9965
SupramarginalGyrusanteriordivision_L,-0.01946716958342264,0.9858,0.9965
SupramarginalGyrusposteriordivision_R,-0.6971214224817325,0.4914,0.9965
SupramarginalGyrusposteriordivision_L,-0.11290282568903542,0.9178,0.9965
AngularGyrus_R,-0.7508280027288157,0.4548,0.9965
AngularGyrus_L,-0.5335536988450821,0.5936,0.9965
LateralOccipitalCortexsuperiordivision_R,-0.37253175962674473,0.7157,0.9965
LateralOccipitalCortexsuperiordivision_L,-0.2211105800658104,0.8215,0.9965
LateralOccipitalCortexinferiordivision_R,-0.4425572135573349,0.6635,0.9965
LateralOccipitalCortexinferiordivision_L,0.7226465603274568,0.4658,0.9965
IntracalcarineCortex_R,-0.07861709898387816,0.9404,0.9965
IntracalcarineCortex_L,0.7904248932815952,0.427,0.9965
FrontalMedialCortex_R,-0.014300342935517005,0.9878,0.9965
FrontalMedialCortex_L,0.10834551812567923,0.9186,0.9965
JuxtapositionalLobuleCortex_R,-0.14660314793379348,0.8874,0.9965
JuxtapositionalLobuleCortex_L,-0.4727935485259571,0.6332,0.9965
SubcallosalCortex_R,-0.11239700712362652,0.9117,0.9965
SubcallosalCortex_L,-0.23100581095288186,0.821,0.9965
ParacingulateGyrus_R,-0.27914327936382577,0.7829,0.9965
ParacingulateGyrus_L,-0.6653192319943495,0.5025,0.9965
CingulateGyrusanteriordivision_R,-0.17764309162783368,0.8602,0.9965
CingulateGyrusanteriordivision_L,-0.4813715201061764,0.6308,0.9965
CingulateGyrusposteriordivision_R,-1.3530828864254612,0.1698,0.9965
CingulateGyrusposteriordivision_L,-1.462401803637312,0.1504,0.9965
PrecuneousCortex_R,-0.09598057373660059,0.928,0.9965
PrecuneousCortex_L,-0.20471236494873404,0.836,0.9965
CunealCortex_R,0.6732809858035956,0.4983,0.9965
CunealCortex_L,1.015776801340513,0.3154,0.9965
FrontalOrbitalCortex_R,-0.05511353831548899,0.9566,0.9965
FrontalOrbitalCortex_L,0.42243420658392405,0.668,0.9965
ParahippocampalGyrusanteriordivision_R,-0.004615972359682932,0.9965,0.9965
ParahippocampalGyrusanteriordivision_L,-0.07824951006211908,0.9403,0.9965
ParahippocampalGyrusposteriordivision_R,-0.873955945067558,0.3854,0.9965
ParahippocampalGyrusposteriordivision_L,-1.551179628909815,0.1202,0.9965
LingualGyrus_R,-0.32279478996883987,0.7545,0.9965
LingualGyrus_L,-0.15460882336409953,0.8701,0.9965
TemporalFusiformCortexanteriordivision_R,-0.5540847344253428,0.5856,0.9965
TemporalFusiformCortexanteriordivision_L,-0.2622251124317372,0.7913,0.9965
TemporalFusiformCortexposteriordivision_R,-0.06919461167178755,0.9496,0.9965
TemporalFusiformCortexposteriordivision_L,0.2098507019999694,0.8321,0.9965
TemporalOccipitalFusiformCortex_R,-0.1321261156867205,0.9002,0.9965
TemporalOccipitalFusiformCortex_L,-0.05770580589296391,0.9541,0.9965
OccipitalFusiformGyrus_R,-1.248675105297455,0.2155,0.9965
OccipitalFusiformGyrus_L,-0.2236721480019237,0.8308,0.9965
FrontalOperculumCortex_R,-0.3915851457444888,0.6937,0.9965
FrontalOperculumCortex_L,0.5119820192545955,0.6075,0.9965
CentralOpercularCortex_R,-0.5612742946449824,0.5774,0.9965
CentralOpercularCortex_L,-0.49902951803735923,0.6196,0.9965
ParietalOperculumCortex_R,-0.5650535368186469,0.5708,0.9965
ParietalOperculumCortex_L,-0.544567994258656,0.5888,0.9965
PlanumPolare_R,-0.9029440762385577,0.3767,0.9965
PlanumPolare_L,-0.40170819966594273,0.696,0.9965
HeschlsGyrus_R,-0.676382547742754,0.4907,0.9965
HeschlsGyrus_L,-1.3933560866673524,0.1623,0.9965
PlanumTemporale_R,-0.6953827975360355,0.4929,0.9965
PlanumTemporale_L,-0.8607161016728961,0.3984,0.9965
SupracalcarineCortex_R,0.6924912565744399,0.4892,0.9965
SupracalcarineCortex_L,0.8091680138434859,0.4196,0.9965
OccipitalPole_R,-0.286419962522184,0.7809,0.9965
OccipitalPole_L,0.17684181284635686,0.857,0.9965
Brain_Stem_R,-1.3114327610242236,0.1912,0.9965
Brain_Stem_L,-0.5639910698838887,0.5832,0.9965
Thalamus_R,-0.31702173095470254,0.7478,0.9965
Thalamus_L,0.026122998254411195,0.9773,0.9965
Caudate_R,-0.0398732424353196,0.9685,0.9965
Caudate_L,-0.090027393028209,0.9266,0.9965
Putamen_R,-0.3806259273934098,0.7023,0.9965
Putamen_L,-0.13007033114626676,0.896,0.9965
Pallidum_R,-0.22344048856599621,0.822,0.9965
Pallidum_L,0.3381397721099796,0.7407,0.9965
Hippocampus_R,0.3319593417604887,0.7401,0.9965
Hippocampus_L,-0.09942138290795646,0.9244,0.9965
Amygdala_R,0.9979993916035867,0.3164,0.9965
Amygdala_L,1.3738915183646307,0.167,0.9965
Accumbens_R,0.5369421836729458,0.5957,0.9965
Accumbens_L,0.5727063307370163,0.5669,0.9965
