variable,statistic,p.value,Regions
.,0.9883695745444113,0.4997912807365681,FrontalPole_R
.,0.9825099330950545,0.18192500993646205,FrontalPole_L
.,0.9904467618998123,0.6689783312573268,InsularCortex_R
.,0.9792787602704338,0.09937360338625727,InsularCortex_L
.,0.9756967690525303,0.05052416008476478,SuperiorFrontalGyrus_R
.,0.9722317866140374,0.02641841923220108,SuperiorFrontalGyrus_L
.,0.9842792123506011,0.2511630271646901,MiddleFrontalGyrus_R
.,0.9899760146322456,0.6293393155623296,MiddleFrontalGyrus_L
.,0.9745514916443999,0.04073530078935865,InferiorFrontalGyrusparstriangularis_R
.,0.96816899127778,0.012546213528864905,InferiorFrontalGyrusparstriangularis_L
.,0.9693646037676307,0.015587955762198643,InferiorFrontalGyrusparsopercularis_R
.,0.9681034885370207,0.012398539095232228,InferiorFrontalGyrusparsopercularis_L
.,0.9745833915985809,0.04097989513882728,PrecentralGyrus_R
.,0.9684297225769294,0.013152389028943348,PrecentralGyrus_L
.,0.9839980229260938,0.23876914067230257,TemporalPole_R
.,0.9849951367976737,0.28530234684461675,TemporalPole_L
.,0.9911866072995748,0.7311810450287232,SuperiorTemporalGyrusanteriordivision_R
.,0.99367149198187,0.9119868891985932,SuperiorTemporalGyrusanteriordivision_L
.,0.9858664192045723,0.332107086022259,SuperiorTemporalGyrusposteriordivision_R
.,0.984587721702838,0.265411491525585,SuperiorTemporalGyrusposteriordivision_L
.,0.98078315745903355,0.13189470956014296,MiddleTemporalGyrusanteriordivision_R
.,0.9900736366436531,0.6375329517422753,MiddleTemporalGyrusanteriordivision_L
.,0.988334682962204,0.4971331749113613,MiddleTemporalGyrusposteriordivision_R
.,0.9949733305910331,0.9689346485291651,MiddleTemporalGyrusposteriordivision_L
.,0.9912689537720669,0.7380251317135651,MiddleTemporalGyrustemporooccipitalpart_R
.,0.9896638328048061,0.6032963418350888,MiddleTemporalGyrustemporooccipitalpart_L
.,0.9797171836323233,0.10793924366893735,InferiorTemporalGyrusanteriordivision_R
.,0.9880428453906429,0.4752225750778033,InferiorTemporalGyrusanteriordivision_L
.,0.9743602569878701,0.0392999299461721,InferiorTemporalGyrusposteriordivision_R
.,0.9610193633590258,0.00356541341365917,InferiorTemporalGyrusposteriordivision_L
.,0.9634898797343857,0.005463334985156296,InferiorTemporalGyrustemporooccipitalpart_R
.,0.943268825124059,2.114560068494424e-4,InferiorTemporalGyrustemporooccipitalpart_L
.,0.9804683019711018,0.12432643659263418,PostcentralGyrus_R
.,0.9833817849487083,0.2135054444450425,PostcentralGyrus_L
.,0.9873713038656229,0.4271293926434482,SuperiorParietalLobule_R
.,0.9848084734692951,0.27603502383339473,SuperiorParietalLobule_L
.,0.994408573607039,0.9482933346607514,SupramarginalGyrusanteriordivision_R
.,0.980788545137273,0.13202802145026998,SupramarginalGyrusanteriordivision_L
.,0.9861575039535658,0.34907680652845885,SupramarginalGyrusposteriordivision_R
.,0.9804055506052592,0.12286927831814502,SupramarginalGyrusposteriordivision_L
.,0.991662476486357,0.7703047702917836,AngularGyrus_R
.,0.9842765397250014,0.2510425919857441,AngularGyrus_L
.,0.9861482927814439,0.3485294450202715,LateralOccipitalCortexsuperiordivision_R
.,0.9829210544650993,0.19623547010512682,LateralOccipitalCortexsuperiordivision_L
.,0.9709650007339502,0.020901413075339072,LateralOccipitalCortexinferiordivision_R
.,0.9743674494989188,0.03935296919447296,LateralOccipitalCortexinferiordivision_L
.,0.9701309255533284,0.017931673234187543,IntracalcarineCortex_R
.,0.9688360040393307,0.0141583036872025,IntracalcarineCortex_L
.,0.989781038475078,0.6130413808261398,FrontalMedialCortex_R
.,0.992837278615055,0.8594090344312328,FrontalMedialCortex_L
.,0.9818706330284548,0.1615994781655332,JuxtapositionalLobuleCortex_R
.,0.9833890163375989,0.21378727875611503,JuxtapositionalLobuleCortex_L
.,0.9840062150623634,0.23912237732277133,SubcallosalCortex_R
.,0.9821256897601313,0.1694375348848,SubcallosalCortex_L
.,0.9869368176603911,0.39784603726926615,ParacingulateGyrus_R
.,0.9908440661911044,0.7024905841431416,ParacingulateGyrus_L
.,0.9771541125637904,0.06651675377339654,CingulateGyrusanteriordivision_R
.,0.9820389520803294,0.16673254681334398,CingulateGyrusanteriordivision_L
.,0.992761764148848,0.8541365247125745,CingulateGyrusposteriordivision_R
.,0.9906159358852741,0.6832604385562708,CingulateGyrusposteriordivision_L
.,0.9853476197159026,0.3035259327174194,PrecuneousCortex_R
.,0.9827517463912102,0.19021988113077118,PrecuneousCortex_L
.,0.9919906455674803,0.796495817666842,CunealCortex_R
.,0.986752209859263,0.38585463980621226,CunealCortex_L
.,0.9894818564292845,0.5882590712808113,FrontalOrbitalCortex_R
.,0.9863281663722999,0.359341075812189,FrontalOrbitalCortex_L
.,0.9823126643807929,0.1754098494774349,ParahippocampalGyrusanteriordivision_R
.,0.9952174228659095,0.975927299809564,ParahippocampalGyrusanteriordivision_L
.,0.9859701271691066,0.33807558872377513,ParahippocampalGyrusposteriordivision_R
.,0.989502905854089,0.5899921388328874,ParahippocampalGyrusposteriordivision_L
.,0.9347409689693569,6.231168243096503e-5,LingualGyrus_R
.,0.9542071724779623,0.00114832086900882,LingualGyrus_L
.,0.9770725883448161,0.06550009674912641,TemporalFusiformCortexanteriordivision_R
.,0.9626285068483594,0.004703425702839597,TemporalFusiformCortexanteriordivision_L
.,0.9649760775215441,0.007091441247943629,TemporalFusiformCortexposteriordivision_R
.,0.9772596057300759,0.06785591204162911,TemporalFusiformCortexposteriordivision_L
.,0.961559338889644,0.00391115493316532,TemporalOccipitalFusiformCortex_R
.,0.9640637017723848,0.006039996644653647,TemporalOccipitalFusiformCortex_L
.,0.9676378179385303,0.011399445730238208,OccipitalFusiformGyrus_R
.,0.9578657572873109,0.002093539591500156,OccipitalFusiformGyrus_L
.,0.9931074531534831,0.8776239034123553,FrontalOperculumCortex_R
.,0.983582756491065,0.22146534638404808,FrontalOperculumCortex_L
.,0.9854789617849395,0.31056195900906786,CentralOpercularCortex_R
.,0.983115151725651,0.20334806939164718,CentralOpercularCortex_L
.,0.9880126336088019,0.47298804832519664,ParietalOperculumCortex_R
.,0.9936546591369407,0.9110394530183937,ParietalOperculumCortex_L
.,0.9929626595994829,0.8679917853392936,PlanumPolare_R
.,0.9710904264363205,0.021390160884604454,PlanumPolare_L
.,0.9899684077403887,0.6287016947894573,HeschlsGyrus_R
.,0.9805385657088448,0.12597797467935387,HeschlsGyrus_L
.,0.9853399211840692,0.3031176851461384,PlanumTemporale_R
.,0.988856476851255,0.5376841698096357,PlanumTemporale_L
.,0.9907333815573536,0.6931676769612535,SupracalcarineCortex_R
.,0.9842963573262438,0.2519368369536185,SupracalcarineCortex_L
.,0.951888294054364,7.921074292068834e-4,OccipitalPole_R
.,0.964489299683824,0.006508586646160165,OccipitalPole_L
.,0.9935170893414446,0.9031095728853007,Brain_Stem_R
.,0.9621158846370654,0.004304460045706184,Brain_Stem_L
.,0.9872806478727656,0.4208976978592711,Thalamus_R
.,0.9797525773921674,0.10866159555817442,Thalamus_L
.,0.9885028215187244,0.5100152301323564,Caudate_R
.,0.9866504166184373,0.3793587104037645,Caudate_L
.,0.9860709466677696,0.3439600247592874,Putamen_R
.,0.9765464727607713,0.059305126289253614,Putamen_L
.,0.9852427744878065,0.29800551732316216,Pallidum_R
.,0.9882105299657926,0.48774084061925127,Pallidum_L
.,0.9681767421553108,0.012563808284912619,Hippocampus_R
.,0.9541025215780294,0.001129063006284666,Hippocampus_L
.,0.9771740826107832,0.06676820368050355,Amygdala_R
.,0.980433219590315,0.12350972517151662,Amygdala_L
.,0.9850067608762708,0.2858881593038929,Accumbens_R
.,0.9900342458497892,0.634224476294982,Accumbens_L
