Variables,.y.,group1,group2,n1,n2,statistic,p,p.adj,p.adj.signif
Accumbens_L,Values,1,2,42,63,1237,0.576,1,ns
Accumbens_R,Values,1,2,42,63,1269,0.726,1,ns
Amygdala_L,Values,1,2,42,63,1130,0.208,1,ns
Amygdala_R,Values,1,2,42,63,1160,0.288,1,ns
AngularGyrus_L,Values,1,2,42,63,1414,0.554,1,ns
AngularGyrus_R,Values,1,2,42,63,1464,0.358,1,ns
Brain_Stem_L,Values,1,2,42,63,1480,0.306,1,ns
Brain_Stem_R,Values,1,2,42,63,1536,0.165,1,ns
Caudate_L,Values,1,2,42,63,1356,0.832,1,ns
Caudate_R,Values,1,2,42,63,1345,0.888,1,ns
CentralOpercularCortex_L,Values,1,2,42,63,1397,0.631,1,ns
CentralOpercularCortex_R,Values,1,2,42,63,1420.5,0.526,1,ns
CingulateGyrusanteriordivision_L,Values,1,2,42,63,1398,0.626,1,ns
CingulateGyrusanteriordivision_R,Values,1,2,42,63,1353.5,0.844,1,ns
CingulateGyrusposteriordivision_L,Values,1,2,42,63,1514,0.213,1,ns
CingulateGyrusposteriordivision_R,Values,1,2,42,63,1498,0.254,1,ns
CunealCortex_L,Values,1,2,42,63,1181,0.355,1,ns
CunealCortex_R,Values,1,2,42,63,1265.5,0.709,1,ns
FrontalMedialCortex_L,Values,1,2,42,63,1337,0.93,1,ns
FrontalMedialCortex_R,Values,1,2,42,63,1380.5,0.709,1,ns
FrontalOperculumCortex_L,Values,1,2,42,63,1247.5,0.624,1,ns
FrontalOperculumCortex_R,Values,1,2,42,63,1415,0.55,1,ns
FrontalOrbitalCortex_L,Values,1,2,42,63,1291.5,0.839,1,ns
FrontalOrbitalCortex_R,Values,1,2,42,63,1358.5,0.819,1,ns
FrontalPole_L,Values,1,2,42,63,1346.5,0.88,1,ns
FrontalPole_R,Values,1,2,42,63,1314,0.956,1,ns
HeschlsGyrus_L,Values,1,2,42,63,1537.5,0.162,1,ns
HeschlsGyrus_R,Values,1,2,42,63,1426,0.503,1,ns
Hippocampus_L,Values,1,2,42,63,1342,0.904,1,ns
Hippocampus_R,Values,1,2,42,63,1280.5,0.784,1,ns
InferiorFrontalGyrusparsopercularis_L,Values,1,2,42,63,1323,1,1,ns
InferiorFrontalGyrusparsopercularis_R,Values,1,2,42,63,1331.5,0.958,1,ns
InferiorFrontalGyrusparstriangularis_L,Values,1,2,42,63,1349.5,0.865,1,ns
InferiorFrontalGyrusparstriangularis_R,Values,1,2,42,63,1405,0.594,1,ns
InferiorTemporalGyrusanteriordivision_L,Values,1,2,42,63,1447,0.419,1,ns
InferiorTemporalGyrusanteriordivision_R,Values,1,2,42,63,1495,0.262,1,ns
InferiorTemporalGyrusposteriordivision_L,Values,1,2,42,63,1187.5,0.377,1,ns
InferiorTemporalGyrusposteriordivision_R,Values,1,2,42,63,1366,0.781,1,ns
InferiorTemporalGyrustemporooccipitalpart_L,Values,1,2,42,63,1323,1,1,ns
InferiorTemporalGyrustemporooccipitalpart_R,Values,1,2,42,63,1445,0.427,1,ns
InsularCortex_L,Values,1,2,42,63,1351,0.857,1,ns
InsularCortex_R,Values,1,2,42,63,1524.5,0.189,1,ns
IntracalcarineCortex_L,Values,1,2,42,63,1276,0.761,1,ns
IntracalcarineCortex_R,Values,1,2,42,63,1373.5,0.744,1,ns
JuxtapositionalLobuleCortex_L,Values,1,2,42,63,1396,0.635,1,ns
JuxtapositionalLobuleCortex_R,Values,1,2,42,63,1350.5,0.86,1,ns
LateralOccipitalCortexinferiordivision_L,Values,1,2,42,63,1246.5,0.619,1,ns
LateralOccipitalCortexinferiordivision_R,Values,1,2,42,63,1461,0.368,1,ns
LateralOccipitalCortexsuperiordivision_L,Values,1,2,42,63,1375.5,0.734,1,ns
LateralOccipitalCortexsuperiordivision_R,Values,1,2,42,63,1386,0.683,1,ns
LingualGyrus_L,Values,1,2,42,63,1447.5,0.417,1,ns
LingualGyrus_R,Values,1,2,42,63,1486.5,0.286,1,ns
MiddleFrontalGyrus_L,Values,1,2,42,63,1388.5,0.671,1,ns
MiddleFrontalGyrus_R,Values,1,2,42,63,1289.5,0.829,1,ns
MiddleTemporalGyrusanteriordivision_L,Values,1,2,42,63,1248,0.626,1,ns
MiddleTemporalGyrusanteriordivision_R,Values,1,2,42,63,1418,0.536,1,ns
MiddleTemporalGyrusposteriordivision_L,Values,1,2,42,63,1389,0.668,1,ns
MiddleTemporalGyrusposteriordivision_R,Values,1,2,42,63,1170.5,0.32,1,ns
MiddleTemporalGyrustemporooccipitalpart_L,Values,1,2,42,63,1338.5,0.922,1,ns
MiddleTemporalGyrustemporooccipitalpart_R,Values,1,2,42,63,1290.5,0.834,1,ns
OccipitalFusiformGyrus_L,Values,1,2,42,63,1432,0.478,1,ns
OccipitalFusiformGyrus_R,Values,1,2,42,63,1576,0.0986,1,ns
OccipitalPole_L,Values,1,2,42,63,1387,0.678,1,ns
OccipitalPole_R,Values,1,2,42,63,1475.5,0.32,1,ns
Pallidum_L,Values,1,2,42,63,1277,0.766,1,ns
Pallidum_R,Values,1,2,42,63,1325,0.992,1,ns
ParacingulateGyrus_L,Values,1,2,42,63,1424,0.511,1,ns
ParacingulateGyrus_R,Values,1,2,42,63,1362,0.801,1,ns
ParahippocampalGyrusanteriordivision_L,Values,1,2,42,63,1356.5,0.829,1,ns
ParahippocampalGyrusanteriordivision_R,Values,1,2,42,63,1325,0.992,1,ns
ParahippocampalGyrusposteriordivision_L,Values,1,2,42,63,1557,0.127,1,ns
ParahippocampalGyrusposteriordivision_R,Values,1,2,42,63,1468.5,0.343,1,ns
ParietalOperculumCortex_L,Values,1,2,42,63,1416.5,0.543,1,ns
ParietalOperculumCortex_R,Values,1,2,42,63,1392.5,0.652,1,ns
PlanumPolare_L,Values,1,2,42,63,1405.5,0.592,1,ns
PlanumPolare_R,Values,1,2,42,63,1443,0.434,1,ns
PlanumTemporale_L,Values,1,2,42,63,1480.5,0.304,1,ns
PlanumTemporale_R,Values,1,2,42,63,1408,0.58,1,ns
PostcentralGyrus_L,Values,1,2,42,63,1362,0.801,1,ns
PostcentralGyrus_R,Values,1,2,42,63,1378.5,0.719,1,ns
PrecentralGyrus_L,Values,1,2,42,63,1408.5,0.578,1,ns
PrecentralGyrus_R,Values,1,2,42,63,1379,0.717,1,ns
PrecuneousCortex_L,Values,1,2,42,63,1346,0.883,1,ns
PrecuneousCortex_R,Values,1,2,42,63,1325,0.992,1,ns
Putamen_L,Values,1,2,42,63,1368,0.771,1,ns
Putamen_R,Values,1,2,42,63,1366,0.781,1,ns
SubcallosalCortex_L,Values,1,2,42,63,1388.5,0.671,1,ns
SubcallosalCortex_R,Values,1,2,42,63,1370,0.761,1,ns
SuperiorFrontalGyrus_L,Values,1,2,42,63,1364.5,0.789,1,ns
SuperiorFrontalGyrus_R,Values,1,2,42,63,1299,0.878,1,ns
SuperiorParietalLobule_L,Values,1,2,42,63,1310,0.935,1,ns
SuperiorParietalLobule_R,Values,1,2,42,63,1310,0.935,1,ns
SuperiorTemporalGyrusanteriordivision_L,Values,1,2,42,63,1316,0.966,1,ns
SuperiorTemporalGyrusanteriordivision_R,Values,1,2,42,63,1325,0.992,1,ns
SuperiorTemporalGyrusposteriordivision_L,Values,1,2,42,63,1344,0.893,1,ns
SuperiorTemporalGyrusposteriordivision_R,Values,1,2,42,63,1251.5,0.642,1,ns
SupracalcarineCortex_L,Values,1,2,42,63,1226,0.528,1,ns
SupracalcarineCortex_R,Values,1,2,42,63,1244,0.608,1,ns
SupramarginalGyrusanteriordivision_L,Values,1,2,42,63,1292,0.842,1,ns
SupramarginalGyrusanteriordivision_R,Values,1,2,42,63,1415,0.55,1,ns
SupramarginalGyrusposteriordivision_L,Values,1,2,42,63,1349.5,0.865,1,ns
SupramarginalGyrusposteriordivision_R,Values,1,2,42,63,1424.5,0.509,1,ns
TemporalFusiformCortexanteriordivision_L,Values,1,2,42,63,1303.5,0.901,1,ns
TemporalFusiformCortexanteriordivision_R,Values,1,2,42,63,1356,0.832,1,ns
TemporalFusiformCortexposteriordivision_L,Values,1,2,42,63,1319,0.982,1,ns
TemporalFusiformCortexposteriordivision_R,Values,1,2,42,63,1435.5,0.464,1,ns
TemporalOccipitalFusiformCortex_L,Values,1,2,42,63,1444,0.431,1,ns
TemporalOccipitalFusiformCortex_R,Values,1,2,42,63,1423.5,0.513,1,ns
TemporalPole_L,Values,1,2,42,63,1370,0.761,1,ns
TemporalPole_R,Values,1,2,42,63,1447,0.419,1,ns
Thalamus_L,Values,1,2,42,63,1328.5,0.974,1,ns
Thalamus_R,Values,1,2,42,63,1386,0.683,1,ns
