value,FrontalPole_R,FrontalPole_L,InsularCortex_R,InsularCortex_L,SuperiorFrontalGyrus_R,SuperiorFrontalGyrus_L,MiddleFrontalGyrus_R,MiddleFrontalGyrus_L,InferiorFrontalGyrusparstriangularis_R,InferiorFrontalGyrusparstriangularis_L,InferiorFrontalGyrusparsopercularis_R,InferiorFrontalGyrusparsopercularis_L,PrecentralGyrus_R,PrecentralGyrus_L,TemporalPole_R,TemporalPole_L,SuperiorTemporalGyrusanteriordivision_R,SuperiorTemporalGyrusanteriordivision_L,SuperiorTemporalGyrusposteriordivision_R,SuperiorTemporalGyrusposteriordivision_L,MiddleTemporalGyrusanteriordivision_R,MiddleTemporalGyrusanteriordivision_L,MiddleTemporalGyrusposteriordivision_R,MiddleTemporalGyrusposteriordivision_L,MiddleTemporalGyrustemporooccipitalpart_R,MiddleTemporalGyrustemporooccipitalpart_L,InferiorTemporalGyrusanteriordivision_R,InferiorTemporalGyrusanteriordivision_L,InferiorTemporalGyrusposteriordivision_R,InferiorTemporalGyrusposteriordivision_L,InferiorTemporalGyrustemporooccipitalpart_R,InferiorTemporalGyrustemporooccipitalpart_L,PostcentralGyrus_R,PostcentralGyrus_L,SuperiorParietalLobule_R,SuperiorParietalLobule_L,SupramarginalGyrusanteriordivision_R,SupramarginalGyrusanteriordivision_L,SupramarginalGyrusposteriordivision_R,SupramarginalGyrusposteriordivision_L,AngularGyrus_R,AngularGyrus_L,LateralOccipitalCortexsuperiordivision_R,LateralOccipitalCortexsuperiordivision_L,LateralOccipitalCortexinferiordivision_R,LateralOccipitalCortexinferiordivision_L,IntracalcarineCortex_R,IntracalcarineCortex_L,FrontalMedialCortex_R,FrontalMedialCortex_L,JuxtapositionalLobuleCortex_R,JuxtapositionalLobuleCortex_L,SubcallosalCortex_R,SubcallosalCortex_L,ParacingulateGyrus_R,ParacingulateGyrus_L,CingulateGyrusanteriordivision_R,CingulateGyrusanteriordivision_L,CingulateGyrusposteriordivision_R,CingulateGyrusposteriordivision_L,PrecuneousCortex_R,PrecuneousCortex_L,CunealCortex_R,CunealCortex_L,FrontalOrbitalCortex_R,FrontalOrbitalCortex_L,ParahippocampalGyrusanteriordivision_R,ParahippocampalGyrusanteriordivision_L,ParahippocampalGyrusposteriordivision_R,ParahippocampalGyrusposteriordivision_L,LingualGyrus_R,LingualGyrus_L,TemporalFusiformCortexanteriordivision_R,TemporalFusiformCortexanteriordivision_L,TemporalFusiformCortexposteriordivision_R,TemporalFusiformCortexposteriordivision_L,TemporalOccipitalFusiformCortex_R,TemporalOccipitalFusiformCortex_L,OccipitalFusiformGyrus_R,OccipitalFusiformGyrus_L,FrontalOperculumCortex_R,FrontalOperculumCortex_L,CentralOpercularCortex_R,CentralOpercularCortex_L,ParietalOperculumCortex_R,ParietalOperculumCortex_L,PlanumPolare_R,PlanumPolare_L,HeschlsGyrus_R,HeschlsGyrus_L,PlanumTemporale_R,PlanumTemporale_L,SupracalcarineCortex_R,SupracalcarineCortex_L,OccipitalPole_R,OccipitalPole_L,Brain_Stem_R,Brain_Stem_L,Thalamus_R,Thalamus_L,Caudate_R,Caudate_L,Putamen_R,Putamen_L,Pallidum_R,Pallidum_L,Hippocampus_R,Hippocampus_L,Amygdala_R,Amygdala_L,Accumbens_R,Accumbens_L
ccqg.score,0.2,0.3,0.3,0.5,0.1,0.4,0.4,0,0.4,0.1,0.2,0,0.3,0.1,0.2,0,0.3,0,0.3,0.1,0.4,0.1,0.6,0.3,0,0,0.1,0.3,0.6,0.1,0.2,1,0.1,0.3,0.2,0.4,0,0.5,0,0.1,0.2,0.1,0.2,0.1,0.1,0,0.1,0.1,0.3,0.3,0.4,0.4,0.1,0,0.4,0.3,0.4,0.3,0.3,0,0,0.1,0.1,0.1,0.2,0.1,0.9,0.1,0.4,0.1,0,0,0.1,0.2,0.5,0,0,0.1,0.2,0.1,0.2,0.3,0.1,0.2,0,0.2,0,0.1,0.1,0.2,0,0.2,0,0.2,0.2,0.1,0.4,0.3,0.2,0.1,0.7,0.8,0.9,0.8,0,0.3,0.4,0,0.8,0,1,0.6
ccqn.score,1,0.7,1,1,0.9,0.9,1,0.6,0.8,1,0.7,0.7,1,0.6,0.9,0.6,0.6,0.6,0.6,0.7,0.8,0.2,0.7,0.8,0.5,0.4,0.7,0.7,1,0.7,0.8,0.6,1,1,0.6,1,0.8,0.4,0.9,1,0.8,0.7,0.8,0.6,0.5,0.8,0.9,0.6,0.8,0.4,0.8,1,0.6,1,0.6,0.2,0.6,0.5,0.3,0.1,0.2,0.3,0.4,0.4,0.6,0.9,0.9,0.9,1,0.5,0.2,0.4,0.7,0.8,0.4,0.3,0.3,0.8,0.6,0.1,0.2,0.3,0.9,0.5,0.9,0.7,1,0.8,0.9,0.8,0.9,1,0.7,0.6,0.5,0.5,0.8,0.8,0.2,0.5,0.3,0.6,0.5,0.6,0.3,0.9,0.4,0.3,1,0.3,0.5,0.6
BIS_cog,0,0.5,0.4,0.2,0,0.2,0.3,0.1,0,0,0,0.4,0.1,0.4,0.3,0.2,0.2,0.5,0.4,0.1,0.1,0,0.5,0.1,0,0.2,0.1,0,0.4,0.6,0,0.6,0.3,0.2,0,0.2,0.1,0.5,0,0.3,0.2,0.2,0,0,0,0.2,0.3,0.1,0.3,0.6,0.1,0.2,0.6,0,0.1,0.1,0.2,0.4,0.5,0.2,0.1,0.2,0.2,0,0.4,0.4,0.3,0,0.6,0.4,0.1,0.1,0,0.4,0,0.9,0.1,0.2,0.1,0,0.1,0.4,0.4,0,0.3,0.1,0,0.1,0.1,0,0.2,0.3,0.2,0.1,0,0.1,0.5,0.5,0.2,0.2,0.3,0.3,0.4,0.1,0.3,0.6,0,0.5,0.5,0,0.8,0.6
BIS_mot,0.7,0.7,0.9,0.3,0.3,0.4,0.9,0.2,0.3,0.4,0.4,0.6,0.9,0.5,0.7,0.3,0.3,0.7,0.6,0.6,0.2,0,0.2,0.1,0.5,0.6,0.1,0.2,0.9,0.8,0.6,0.6,1,0.9,0.5,0.9,0.5,0.8,0.6,0.5,0.2,0.1,0.4,0.2,0.6,0.6,0.1,0,0.7,0.7,1,0.5,1,1,0.4,0,0.7,0.4,0.1,0.2,0.2,0.1,0.4,0.4,0.3,0.1,0.5,0,0.9,0.5,0.2,0.3,0,0.1,1,0.8,0.6,0.7,0.3,0.3,0.2,0.5,0.7,0.4,0.5,0.3,0.4,0.8,0.2,0.4,0.4,0.7,0.1,0.3,0.5,0.7,0.8,1,0.6,0.6,0.4,0.8,0.3,0.1,0.4,0.2,0.9,0.5,0.7,0.2,0.2,0.7
BIS_nonp,0,0.1,0.1,0,0,0,0.2,0.1,0,0.3,0.2,0.5,0,0,0,0,0,0.3,0,0.3,0,0.3,0,0,0,0.1,0,0.1,0.3,0.3,0,0.2,0,0.2,0,0.1,0.2,0,0.1,0.1,0.2,0,0.1,0.2,0,0,0,0,0.4,0.7,0,0.1,0.4,0.4,0.3,0.3,0.1,0.4,0,0.1,0.2,0,0,0,0.3,0.3,0,0.1,0.5,0,0,0,0,0.6,0,0.3,0,0.1,0,0,0.5,0.9,0.1,0,0,0,0.1,0,0,0,0.1,0.1,0.3,0,0,0,0.1,0.2,0.1,0.4,0.8,0.9,0.7,0.8,0.1,0.4,0,0.1,0.2,0.2,0.2,0.9
BIS_tot_score,0.2,0.5,0.2,0.1,0.1,0.2,0.3,0.1,0.1,0.2,0.1,0.7,0.2,0,0.1,0.3,0.2,0.2,0.3,0,0.1,0.1,0.1,0.1,0,0.1,0,0,0.1,0.4,0.2,0.6,0.4,0.4,0,0.2,0.1,0.3,0.1,0.2,0,0,0.2,0.2,0.4,0.2,0,0,0.2,0.7,0.2,0.2,0.3,0.5,0.2,0,0,0.2,0.2,0,0,0,0.2,0.1,0,0.2,0.1,0.2,0.7,0.2,0.1,0.1,0,0.3,0.1,0.8,0.3,0.1,0,0,0.5,0.8,0,0.2,0.2,0.1,0.2,0,0.1,0.2,0.2,0,0.1,0.4,0,0,0.4,0.6,0.3,0.2,0.6,0.5,0.4,0.2,0,0.3,0,0.6,0.1,0.1,0.7,0.8
ASIP_medical,0.1,0,0.5,0.1,0,0.1,0.1,0,0.1,0,0.1,0,0,0.1,0,0,0.1,0,0,0,0.1,0,0.1,0,0,0.2,0,0.4,0,0.2,0.1,0.1,0,0,0,0.1,0.3,0.1,0.2,0.1,0,0.1,0,0,0.2,0.2,0.2,0,0.1,0.4,0.5,0.1,0,0,0,0,0.1,0.2,0.1,0,0.1,0.1,0.1,0,0.1,0,0.2,0,0.3,0.1,0.1,0,0,0,0.1,0.3,0.2,0.2,0,0,0.4,0.6,0,0,0.2,0.2,0,0.1,0,0.1,0,0,0.7,0,0.2,0.2,0.8,1,0.3,0.1,0.1,0.1,0,0,1,0.9,0.1,0,0.7,0,0.7,0.6
ASIP_employment,0,0.1,0.1,0.1,0,0,0,0,0,0,0,0,0,0,0,0,0.1,0,0.1,0,0,0,0,0,0,0,0.4,0.3,0,0.1,0,0,0,0,0,0,0.1,0,0,0.1,0,0,0,0,0,0.1,0.1,0,0.1,0.2,0,0.1,0,0,0,0,0,0,0.1,0,0.1,0,0,0,0,0,0,0.1,0,0.3,0,0,0.2,0.3,0,0,0,0,0.1,0,0.6,0.4,0,0,0.1,0,0,0.1,0,0.1,0.1,0,0.5,0,0,0.1,0.8,0.6,0.4,0.2,0.1,0.3,0.1,0,0.8,0.7,0,0,0,0.1,0.7,0.3
ASIP_alcohol_use,0.1,0.1,0,0.2,0,0.1,0.1,0,0,0,0,0,0.1,0.1,0,0.1,0,0,0.1,0.2,0,0,0.1,0,0.1,0.1,0.1,0.4,0,0.2,0.1,0.2,0,0,0,0,0,0.1,0.1,0,0,0,0,0,0,0.1,0.1,0,0.1,0.1,0,0,0,0,0.1,0,0,0,0.1,0,0,0.2,0.1,0,0.1,0,0.1,0,0.2,0.1,0,0,0.9,0.5,0,0,0,0.2,0,0,0.2,0.1,0.1,0,0,0.1,0,0.2,0,0,0,0.1,0.7,0.1,0,0.4,0.9,0.8,0.1,0,0.1,0,0.1,0,0.1,1,0,0.1,1,0,0.3,0.9
ASIP_drugs_use,0.3,0.1,0.3,0,0.3,0.3,0.4,0,0.3,0.1,0.3,0,0.5,0.4,0.2,0.1,0,0.4,0.4,0.2,0.7,0,0.6,0.1,0.2,0.1,1,0.8,0.4,1,0.1,0.1,0.4,0.1,0.1,0.1,0.2,0.3,0.4,0.2,0.3,0.1,0.1,0.1,0.4,0,0.2,0.2,0.5,0.9,0.1,0.3,0.1,0,0,0.3,0.1,0.1,0.4,0.2,0,0.2,0.2,0.1,0.1,0,0.5,0.1,0.7,0.3,0.2,0.1,0.2,0.9,0.1,0.1,0.1,0.3,0,0,0.9,0.7,0.2,0.1,0,0.1,0,0.2,0.4,0.4,0.3,0.2,1,0.2,0.2,0.6,0.5,0.5,0.6,0.2,0,0.2,0.3,0.1,0.7,0.5,0.3,0.4,0.7,0.4,0.3,0.9
ASIP_family_social,0.2,0.2,0.7,0.4,0.3,0.1,0.5,0.1,0.2,0.4,0.4,0.3,0.5,0.8,0,0.5,0.3,0.4,0.2,0.1,0.2,0.1,0.2,0,0.1,0.2,1,1,0.6,0.7,0.3,0.4,0.3,0.4,0.3,0.2,0.5,0.7,0.7,0.6,0,0.3,0.1,0.1,0.4,0.1,0.4,0.2,0.2,0.2,0.4,0.4,0.1,0.2,0.2,0.1,0.2,0.2,0.1,0.1,0.1,0.3,0.4,0.1,0.1,0.3,0.3,0,0.6,0.7,0.5,0.2,0.6,0.7,0.4,0.1,0.5,0.7,0.2,0.3,0.7,1,0.3,0.3,0.3,0.2,0.2,0.1,0.5,0.5,0.3,0,0.6,0.1,0.4,0.2,0.4,0.4,1,0.6,0.4,0.8,0.6,0.3,0.7,0.6,0.2,0.3,0.9,0,1,0.8
ASIP_psychiatric,0.5,0.4,0.9,0.5,0.3,0.4,0.2,0.1,0.4,0,0.3,0.1,0.7,0.3,0.4,0.3,0.3,0.5,0.6,0.2,0.3,0,0.7,0.2,0.4,0.1,0.9,0.9,0.5,1,0.2,0.2,0.3,0.2,0.5,0.4,0.6,0.8,0.5,0.5,0.2,0.2,0.3,0.2,0.2,0.2,0.1,0.1,0.6,1,0.6,0.5,0.3,0.1,0.4,0.4,0.3,0,0.2,0.4,0.3,0.3,0.2,0.2,0.1,0.4,0.1,0,0.8,0.4,0.4,0.4,0.2,0.7,0.5,0,0.4,0.7,0.1,0.4,0.8,0.9,0.7,0.2,0.2,0.2,0.1,0.6,0.3,0.7,0.3,0.2,0.3,0.1,0.3,0.2,0.2,0.2,0.5,0.3,0.1,0,0.4,0.1,0.6,0.8,0.4,0.1,1,0,1,0.5
