Variables,.y.,group1,group2,n1,n2,statistic,p,p.adj,p.adj.signif
Left_Accumbens_area,Values,1,2,42,63,1407,0.585,0.9994878048780488,ns
Left_Amygdala,Values,1,2,42,63,1104,0.153,0.9994878048780488,ns
Left_Caudate,Values,1,2,42,63,1533,0.171,0.9994878048780488,ns
Left_Cerebellum_Cortex,Values,1,2,42,63,1362,0.801,0.9994878048780488,ns
Left_Hippocampus,Values,1,2,42,63,1275,0.756,0.9994878048780488,ns
Left_Pallidum,Values,1,2,42,63,1412,0.563,0.9994878048780488,ns
Left_Putamen,Values,1,2,42,63,1273,0.746,0.9994878048780488,ns
Left_Thalamus_Proper,Values,1,2,42,63,1477,0.315,0.9994878048780488,ns
Left_VentralDC,Values,1,2,42,63,1443,0.434,0.9994878048780488,ns
lh_bankssts,Values,1,2,42,63,1441,0.442,0.9994878048780488,ns
lh_caudalanteriorcingulate,Values,1,2,42,63,1307,0.919,0.9994878048780488,ns
lh_caudalmiddlefrontal,Values,1,2,42,63,1310,0.935,0.9994878048780488,ns
lh_cuneus,Values,1,2,42,63,1396,0.635,0.9994878048780488,ns
lh_entorhinal,Values,1,2,42,63,1308,0.924,0.9994878048780488,ns
lh_frontalpole,Values,1,2,42,63,1281,0.786,0.9994878048780488,ns
lh_fusiform,Values,1,2,42,63,1558,0.125,0.9994878048780488,ns
lh_inferiorparietal,Values,1,2,42,63,1552,0.135,0.9994878048780488,ns
lh_inferiortemporal,Values,1,2,42,63,1216,0.486,0.9994878048780488,ns
lh_insula,Values,1,2,42,63,1252,0.645,0.9994878048780488,ns
lh_isthmuscingulate,Values,1,2,42,63,1407,0.585,0.9994878048780488,ns
lh_lateraloccipital,Values,1,2,42,63,1368,0.771,0.9994878048780488,ns
lh_lateralorbitofrontal,Values,1,2,42,63,1431,0.482,0.9994878048780488,ns
lh_lingual,Values,1,2,42,63,1456,0.386,0.9994878048780488,ns
lh_medialorbitofrontal,Values,1,2,42,63,1589,0.0825,0.9994878048780488,ns
lh_middletemporal,Values,1,2,42,63,1195,0.404,0.9994878048780488,ns
lh_paracentral,Values,1,2,42,63,1469,0.341,0.9994878048780488,ns
lh_parahippocampal,Values,1,2,42,63,1073,0.103,0.9994878048780488,ns
lh_parsopercularis,Values,1,2,42,63,1534,0.169,0.9994878048780488,ns
lh_parsorbitalis,Values,1,2,42,63,1338,0.924,0.9994878048780488,ns
lh_parstriangularis,Values,1,2,42,63,1287,0.816,0.9994878048780488,ns
lh_pericalcarine,Values,1,2,42,63,1338,0.924,0.9994878048780488,ns
lh_postcentral,Values,1,2,42,63,1154,0.27,0.9994878048780488,ns
lh_posteriorcingulate,Values,1,2,42,63,1236,0.572,0.9994878048780488,ns
lh_precentral,Values,1,2,42,63,1173,0.328,0.9994878048780488,ns
lh_precuneus,Values,1,2,42,63,1416,0.545,0.9994878048780488,ns
lh_rostralanteriorcingulate,Values,1,2,42,63,1482,0.3,0.9994878048780488,ns
lh_rostralmiddlefrontal,Values,1,2,42,63,1550,0.138,0.9994878048780488,ns
lh_superiorfrontal,Values,1,2,42,63,1359,0.816,0.9994878048780488,ns
lh_superiorparietal,Values,1,2,42,63,1330,0.966,1,ns
lh_superiortemporal,Values,1,2,42,63,1165,0.303,0.9994878048780488,ns
lh_supramarginal,Values,1,2,42,63,1211,0.466,0.9994878048780488,ns
lh_temporalpole,Values,1,2,42,63,1332.5,0.953,0.9994878048780488,ns
lh_transversetemporal,Values,1,2,42,63,1311,0.94,0.9994878048780488,ns
rh_bankssts,Values,1,2,42,63,1139,0.23,0.9994878048780488,ns
rh_caudalanteriorcingulate,Values,1,2,42,63,1473,0.328,0.9994878048780488,ns
rh_caudalmiddlefrontal,Values,1,2,42,63,1205,0.442,0.9994878048780488,ns
rh_cuneus,Values,1,2,42,63,1268,0.721,0.9994878048780488,ns
rh_entorhinal,Values,1,2,42,63,1533,0.171,0.9994878048780488,ns
rh_frontalpole,Values,1,2,42,63,1266.5,0.714,0.9994878048780488,ns
rh_fusiform,Values,1,2,42,63,1450,0.408,0.9994878048780488,ns
rh_inferiorparietal,Values,1,2,42,63,1397,0.631,0.9994878048780488,ns
rh_inferiortemporal,Values,1,2,42,63,1340,0.914,0.9994878048780488,ns
rh_insula,Values,1,2,42,63,1154,0.27,0.9994878048780488,ns
rh_isthmuscingulate,Values,1,2,42,63,1137,0.225,0.9994878048780488,ns
rh_lateraloccipital,Values,1,2,42,63,1411,0.567,0.9994878048780488,ns
rh_lateralorbitofrontal,Values,1,2,42,63,1281,0.786,0.9994878048780488,ns
rh_lingual,Values,1,2,42,63,1379,0.717,0.9994878048780488,ns
rh_medialorbitofrontal,Values,1,2,42,63,1355,0.837,0.9994878048780488,ns
rh_middletemporal,Values,1,2,42,63,1225,0.524,0.9994878048780488,ns
rh_paracentral,Values,1,2,42,63,1428,0.494,0.9994878048780488,ns
rh_parahippocampal,Values,1,2,42,63,983,0.0264,0.9994878048780488,ns
rh_parsopercularis,Values,1,2,42,63,1323,1,1,ns
rh_parsorbitalis,Values,1,2,42,63,1280,0.781,0.9994878048780488,ns
rh_parstriangularis,Values,1,2,42,63,1247,0.621,0.9994878048780488,ns
rh_pericalcarine,Values,1,2,42,63,1178,0.345,0.9994878048780488,ns
rh_postcentral,Values,1,2,42,63,1162,0.294,0.9994878048780488,ns
rh_posteriorcingulate,Values,1,2,42,63,1039,0.0637,0.9994878048780488,ns
rh_precentral,Values,1,2,42,63,1265,0.707,0.9994878048780488,ns
rh_precuneus,Values,1,2,42,63,1326,0.987,1,ns
rh_rostralanteriorcingulate,Values,1,2,42,63,1480.5,0.304,0.9994878048780488,ns
rh_rostralmiddlefrontal,Values,1,2,42,63,1534,0.169,0.9994878048780488,ns
rh_superiorfrontal,Values,1,2,42,63,1217,0.49,0.9994878048780488,ns
rh_superiorparietal,Values,1,2,42,63,1386,0.683,0.9994878048780488,ns
rh_superiortemporal,Values,1,2,42,63,1321,0.992,1,ns
rh_supramarginal,Values,1,2,42,63,1334,0.945,0.9994878048780488,ns
rh_temporalpole,Values,1,2,42,63,1275,0.756,0.9994878048780488,ns
rh_transversetemporal,Values,1,2,42,63,1348,0.873,0.9994878048780488,ns
Right_Accumbens_area,Values,1,2,42,63,1523,0.192,0.9994878048780488,ns
Right_Amygdala,Values,1,2,42,63,1205,0.442,0.9994878048780488,ns
Right_Caudate,Values,1,2,42,63,1356,0.832,0.9994878048780488,ns
Right_Cerebellum_Cortex,Values,1,2,42,63,1489,0.279,0.9994878048780488,ns
Right_Hippocampus,Values,1,2,42,63,1213,0.474,0.9994878048780488,ns
Right_Pallidum,Values,1,2,42,63,1372,0.751,0.9994878048780488,ns
Right_Putamen,Values,1,2,42,63,1288,0.821,0.9994878048780488,ns
Right_Thalamus_Proper,Values,1,2,42,63,1508,0.228,0.9994878048780488,ns
Right_VentralDC,Values,1,2,42,63,1439,0.45,0.9994878048780488,ns
