struc_names,z_stat,p_value,p_fdr
FrontalPole_R,0.06318966348009376,0.9465,0.9991
FrontalPole_L,-0.150160759935986,0.885,0.9991
InsularCortex_R,-1.3999665211162247,0.1671,0.9991
InsularCortex_L,-0.4316573562782731,0.6768,0.9991
SuperiorFrontalGyrus_R,0.022070870459542362,0.9829,0.9991
SuperiorFrontalGyrus_L,-0.24065858721683386,0.8126,0.9991
MiddleFrontalGyrus_R,-0.19911305987831687,0.8475,0.9991
MiddleFrontalGyrus_L,-0.4018902991633183,0.699,0.9991
InferiorFrontalGyrusparstriangularis_R,-0.9717961580913697,0.3365,0.9991
InferiorFrontalGyrusparstriangularis_L,-0.3844537904917982,0.7034,0.9991
InferiorFrontalGyrusparsopercularis_R,-0.7470163383769658,0.4567,0.9991
InferiorFrontalGyrusparsopercularis_L,-0.5350514409816162,0.5917,0.9991
PrecentralGyrus_R,-0.24665446580226247,0.804,0.9991
PrecentralGyrus_L,-0.4320783198106559,0.667,0.9991
TemporalPole_R,-1.032226821870135,0.3025,0.9991
TemporalPole_L,-0.15003200530909042,0.879,0.9991
SuperiorTemporalGyrusanteriordivision_R,0.2124930040144211,0.8322,0.9991
SuperiorTemporalGyrusanteriordivision_L,-0.10678740875305599,0.916,0.9991
SuperiorTemporalGyrusposteriordivision_R,0.7600875432312898,0.4491,0.9991
SuperiorTemporalGyrusposteriordivision_L,0.1576540497615464,0.8661,0.9991
MiddleTemporalGyrusanteriordivision_R,-0.8286767416207619,0.4118,0.9991
MiddleTemporalGyrusanteriordivision_L,0.733106450320456,0.4642,0.9991
MiddleTemporalGyrusposteriordivision_R,0.5385680039421756,0.5955,0.9991
MiddleTemporalGyrusposteriordivision_L,0.03832053936921705,0.9669,0.9991
MiddleTemporalGyrustemporooccipitalpart_R,0.33825871318480655,0.7409,0.9991
MiddleTemporalGyrustemporooccipitalpart_L,0.07310588523847578,0.9413,0.9991
InferiorTemporalGyrusanteriordivision_R,-0.793647200156905,0.4273,0.9991
InferiorTemporalGyrusanteriordivision_L,1.44176480431455,0.1473,0.9991
InferiorTemporalGyrusposteriordivision_R,-0.2947541469552456,0.7676,0.9991
InferiorTemporalGyrusposteriordivision_L,1.6380131994140839,0.1004,0.9991
InferiorTemporalGyrustemporooccipitalpart_R,0.027162706101275767,0.9797,0.9991
InferiorTemporalGyrustemporooccipitalpart_L,0.9707608395810035,0.3381,0.9991
PostcentralGyrus_R,-0.5665215549426261,0.5651,0.9991
PostcentralGyrus_L,-0.3097946930469686,0.7531,0.9991
SuperiorParietalLobule_R,-0.7900752708902234,0.4329,0.9991
SuperiorParietalLobule_L,0.09156875605301283,0.9317,0.9991
SupramarginalGyrusanteriordivision_R,-0.9365291592162861,0.3568,0.9991
SupramarginalGyrusanteriordivision_L,-1.2346180265270665,0.2144,0.9991
SupramarginalGyrusposteriordivision_R,-1.0343245240217414,0.2969,0.9991
SupramarginalGyrusposteriordivision_L,-1.0035713761713299,0.3122,0.9991
AngularGyrus_R,-0.823566009398476,0.4189,0.9991
AngularGyrus_L,-1.0340751773167702,0.3075,0.9991
LateralOccipitalCortexsuperiordivision_R,-0.6745138986831654,0.4973,0.9991
LateralOccipitalCortexsuperiordivision_L,0.07318743101258637,0.9393,0.9991
LateralOccipitalCortexinferiordivision_R,-0.1522744377353588,0.8751,0.9991
LateralOccipitalCortexinferiordivision_L,0.9404531588792744,0.3532,0.9991
IntracalcarineCortex_R,-0.12795282010185116,0.8958,0.9991
IntracalcarineCortex_L,0.5928331431722537,0.5524,0.9991
FrontalMedialCortex_R,0.7505279479988624,0.4645,0.9991
FrontalMedialCortex_L,0.6767109580597948,0.5067,0.9991
JuxtapositionalLobuleCortex_R,0.2265889085180839,0.8228,0.9991
JuxtapositionalLobuleCortex_L,-0.3111151690894454,0.7612,0.9991
SubcallosalCortex_R,0.4305356586672466,0.6733,0.9991
SubcallosalCortex_L,0.18361382581243738,0.8526,0.9991
ParacingulateGyrus_R,0.16709832981915573,0.8668,0.9991
ParacingulateGyrus_L,-0.1611582342355292,0.8808,0.9991
CingulateGyrusanteriordivision_R,0.06559392519169131,0.9492,0.9991
CingulateGyrusanteriordivision_L,-0.4116773373428643,0.684,0.9991
CingulateGyrusposteriordivision_R,-0.572296137007534,0.5651,0.9991
CingulateGyrusposteriordivision_L,-0.5001378633379759,0.6125,0.9991
PrecuneousCortex_R,-0.15490585331440873,0.8776,0.9991
PrecuneousCortex_L,-0.10629701366325561,0.9132,0.9991
CunealCortex_R,-0.43271291522026994,0.6589,0.9991
CunealCortex_L,0.3984804443391856,0.6926,0.9991
FrontalOrbitalCortex_R,-0.5485530065592209,0.5769,0.9991
FrontalOrbitalCortex_L,-0.36838110544232555,0.7104,0.9991
ParahippocampalGyrusanteriordivision_R,-0.6714183195158113,0.5093,0.9991
ParahippocampalGyrusanteriordivision_L,0.603396876741069,0.5549,0.9991
ParahippocampalGyrusposteriordivision_R,-0.9304208134032972,0.35,0.9991
ParahippocampalGyrusposteriordivision_L,-1.4309421365488302,0.1536,0.9991
LingualGyrus_R,-0.36137400379242834,0.7163,0.9991
LingualGyrus_L,0.10915250379851565,0.9114,0.9991
TemporalFusiformCortexanteriordivision_R,-1.05535582116233,0.2988,0.9991
TemporalFusiformCortexanteriordivision_L,0.6689991868149796,0.5012,0.9991
TemporalFusiformCortexposteriordivision_R,-0.4928903072327115,0.6275,0.9991
TemporalFusiformCortexposteriordivision_L,1.085348935337097,0.2874,0.9991
TemporalOccipitalFusiformCortex_R,-0.33669152477478986,0.7341,0.9991
TemporalOccipitalFusiformCortex_L,0.33347915614706436,0.7455,0.9991
OccipitalFusiformGyrus_R,-1.14032864640618,0.2501,0.9991
OccipitalFusiformGyrus_L,0.06196459019893786,0.9506,0.9991
FrontalOperculumCortex_R,-1.5069809255565563,0.1374,0.9991
FrontalOperculumCortex_L,-0.057252210455042855,0.9547,0.9991
CentralOpercularCortex_R,-0.8149845098185395,0.4102,0.9991
CentralOpercularCortex_L,-0.9311134643655412,0.3537,0.9991
ParietalOperculumCortex_R,-0.7555253940354814,0.4537,0.9991
ParietalOperculumCortex_L,-1.2063470171125132,0.235,0.9991
PlanumPolare_R,-0.9690977649620541,0.3297,0.9991
PlanumPolare_L,-0.8386968484481574,0.4003,0.9991
HeschlsGyrus_R,0.11492626655810015,0.9094,0.9991
HeschlsGyrus_L,-1.1752550722779607,0.2405,0.9991
PlanumTemporale_R,-0.3951756748300221,0.6862,0.9991
PlanumTemporale_L,-1.189299815662304,0.2378,0.9991
SupracalcarineCortex_R,-0.4571877609652514,0.654,0.9991
SupracalcarineCortex_L,-0.1697543233368952,0.8709,0.9991
OccipitalPole_R,-0.8250758720195674,0.4004,0.9991
OccipitalPole_L,0.17206662339381928,0.8681,0.9991
Brain_Stem_R,-0.8571055140693301,0.3899,0.9991
Brain_Stem_L,-0.3426056831996598,0.7381,0.9991
Thalamus_R,-0.23997840441362928,0.8108,0.9991
Thalamus_L,8.80593494940878e-4,0.9991,0.9991
Caudate_R,-0.10023970822558358,0.9173,0.9991
Caudate_L,-0.0734363764580145,0.9444,0.9991
Putamen_R,-0.5459442890308281,0.5834,0.9991
Putamen_L,-0.38323768592086566,0.7049,0.9991
Pallidum_R,-0.4259828925849957,0.6806,0.9991
Pallidum_L,-0.34816474160872257,0.7361,0.9991
Hippocampus_R,-0.2485712646349616,0.7998,0.9991
Hippocampus_L,0.09645979306621726,0.9254,0.9991
Amygdala_R,-0.011475748939561006,0.9909,0.9991
Amygdala_L,0.5565328281375509,0.5795,0.9991
Accumbens_R,0.02273493207049483,0.9816,0.9991
Accumbens_L,0.05307497076600355,0.9592,0.9991
