variable,statistic,p.value,Regions
.,0.9729193912666747,0.03002133999665011,FrontalPole_R
.,0.968166016902733,0.012539468398315406,FrontalPole_L
.,0.989181123875626,0.5637030804335751,InsularCortex_R
.,0.9871698799055604,0.41337015349170514,InsularCortex_L
.,0.9703487199767513,0.018662318965537335,SuperiorFrontalGyrus_R
.,0.9730311498096084,0.030653024154138203,SuperiorFrontalGyrus_L
.,0.9755308706931121,0.048969923933953836,MiddleFrontalGyrus_R
.,0.9634400523533946,0.005416055001350916,MiddleFrontalGyrus_L
.,0.9704431652967573,0.018988673971766575,InferiorFrontalGyrusparstriangularis_R
.,0.952349766333358,8.523836558580482e-4,InferiorFrontalGyrusparstriangularis_L
.,0.9600775360226874,0.003036857029508026,InferiorFrontalGyrusparsopercularis_R
.,0.9498791358212111,5.774360772414348e-4,InferiorFrontalGyrusparsopercularis_L
.,0.9712223675619909,0.021917055442959972,PrecentralGyrus_R
.,0.9715211634570816,0.023160398782613074,PrecentralGyrus_L
.,0.9898698497921435,0.6204528064017487,TemporalPole_R
.,0.9893543103354112,0.5777961740045411,TemporalPole_L
.,0.9853011510589396,0.3010687196073805,SuperiorTemporalGyrusanteriordivision_R
.,0.9509185947482203,6.795885396596889e-4,SuperiorTemporalGyrusanteriordivision_L
.,0.9891674106500369,0.5625931456658781,SuperiorTemporalGyrusposteriordivision_R
.,0.9716958649580636,0.023920869646900586,SuperiorTemporalGyrusposteriordivision_L
.,0.984565087617847,0.26434259550867945,MiddleTemporalGyrusanteriordivision_R
.,0.9668794748348455,0.009947864645544586,MiddleTemporalGyrusanteriordivision_L
.,0.988197286782513,0.4867451281666263,MiddleTemporalGyrusposteriordivision_R
.,0.9896357812704528,0.6009706221760781,MiddleTemporalGyrusposteriordivision_L
.,0.9932668989874633,0.8878645810749795,MiddleTemporalGyrustemporooccipitalpart_R
.,0.9837144971581279,0.22682832216587712,MiddleTemporalGyrustemporooccipitalpart_L
.,0.9578856718981245,0.0021004994980176528,InferiorTemporalGyrusanteriordivision_R
.,0.8748044181619123,6.250894621747086e-8,InferiorTemporalGyrusanteriordivision_L
.,0.9830517059401175,0.20099739119573864,InferiorTemporalGyrusposteriordivision_R
.,0.9479128835176691,4.259010208619621e-4,InferiorTemporalGyrusposteriordivision_L
.,0.9782513257597094,0.08184461589799082,InferiorTemporalGyrustemporooccipitalpart_R
.,0.963346383940991,0.005328329873607675,InferiorTemporalGyrustemporooccipitalpart_L
.,0.9838600935730925,0.23289145710486947,PostcentralGyrus_R
.,0.9821722336292111,0.17090606511255904,PostcentralGyrus_L
.,0.9857748270623344,0.3269069393877238,SuperiorParietalLobule_R
.,0.983145638738431,0.2044865949739936,SuperiorParietalLobule_L
.,0.9838012649284334,0.23042428519680916,SupramarginalGyrusanteriordivision_R
.,0.9794122694029797,0.10190857123048838,SupramarginalGyrusanteriordivision_L
.,0.9889137956681608,0.542237272474206,SupramarginalGyrusposteriordivision_R
.,0.9855123091575645,0.31236981957156773,SupramarginalGyrusposteriordivision_L
.,0.9868130914872367,0.3897793074667399,AngularGyrus_R
.,0.9864236699322793,0.36518684628369524,AngularGyrus_L
.,0.9920907073805567,0.8043143420191935,LateralOccipitalCortexsuperiordivision_R
.,0.9877368734951687,0.4528954903240429,LateralOccipitalCortexsuperiordivision_L
.,0.973484117721986,0.03335630641651136,LateralOccipitalCortexinferiordivision_R
.,0.9879386184380228,0.4675411474869904,LateralOccipitalCortexinferiordivision_L
.,0.9343988854508537,5.9427103427457535e-5,IntracalcarineCortex_R
.,0.9679264204522602,0.012008319200679487,IntracalcarineCortex_L
.,0.9482348992534506,4.475225164094967e-4,FrontalMedialCortex_R
.,0.9815608149295381,0.15254105282138872,FrontalMedialCortex_L
.,0.9770503430071137,0.06522540906909066,JuxtapositionalLobuleCortex_R
.,0.9708679049804032,0.02053099238630878,JuxtapositionalLobuleCortex_L
.,0.9908282375076557,0.7011584402543737,SubcallosalCortex_R
.,0.9754860224439981,0.048558158644178194,SubcallosalCortex_L
.,0.9790949060085377,0.0959843043705172,ParacingulateGyrus_R
.,0.9788862226836279,0.09227563715802353,ParacingulateGyrus_L
.,0.9805556349609861,0.12638239016794844,CingulateGyrusanteriordivision_R
.,0.9677900598047273,0.011716526263350074,CingulateGyrusanteriordivision_L
.,0.9789247876090373,0.09295014911928602,CingulateGyrusposteriordivision_R
.,0.9760500317930735,0.05400264957927552,CingulateGyrusposteriordivision_L
.,0.9830818824577385,0.20211229838728495,PrecuneousCortex_R
.,0.9781156369468397,0.07977234467290964,PrecuneousCortex_L
.,0.9904077221164624,0.6656826750641237,CunealCortex_R
.,0.9825410385409622,0.18297277033369652,CunealCortex_L
.,0.9834053584914203,0.214425444357105,FrontalOrbitalCortex_R
.,0.9767757249592677,0.061928439532989,FrontalOrbitalCortex_L
.,0.98000001300218,0.11384559527164355,ParahippocampalGyrusanteriordivision_R
.,0.9859889248587378,0.33916658536677985,ParahippocampalGyrusanteriordivision_L
.,0.9862666206644811,0.35561259468681605,ParahippocampalGyrusposteriordivision_R
.,0.9903134272532759,0.6577256692138419,ParahippocampalGyrusposteriordivision_L
.,0.928261715635866,2.589483618758728e-5,LingualGyrus_R
.,0.9896056713113265,0.5984772593207671,LingualGyrus_L
.,0.9277125045691226,2.408181649267436e-5,TemporalFusiformCortexanteriordivision_R
.,0.8892525220742118,2.6759122267028726e-7,TemporalFusiformCortexanteriordivision_L
.,0.9897118076521808,0.6072799490464099,TemporalFusiformCortexposteriordivision_R
.,0.9109158218305843,2.9619618147070387e-6,TemporalFusiformCortexposteriordivision_L
.,0.9958151302846282,0.9884879534878097,TemporalOccipitalFusiformCortex_R
.,0.9840977266487797,0.24310007517966647,TemporalOccipitalFusiformCortex_L
.,0.9639134194087815,0.005883074345823279,OccipitalFusiformGyrus_R
.,0.9908797301817183,0.7054904995957845,OccipitalFusiformGyrus_L
.,0.9890476880807603,0.5529424148942461,FrontalOperculumCortex_R
.,0.9922447759157779,0.8161762330937846,FrontalOperculumCortex_L
.,0.9922050374743245,0.8131382334144681,CentralOpercularCortex_R
.,0.9789877343345352,0.09406161155833785,CentralOpercularCortex_L
.,0.9862482356382082,0.35450470391329286,ParietalOperculumCortex_R
.,0.9914609443170229,0.7538721358714933,ParietalOperculumCortex_L
.,0.984964847207004,0.28378067378678906,PlanumPolare_R
.,0.9914432716014231,0.7524206065440658,PlanumPolare_L
.,0.9939073655315828,0.9247232875100075,HeschlsGyrus_R
.,0.9844324367042016,0.2581534433160631,HeschlsGyrus_L
.,0.9836762970989658,0.2252612891958244,PlanumTemporale_R
.,0.9888191399573746,0.5347282238111618,PlanumTemporale_L
.,0.9868669129984159,0.3932734295383435,SupracalcarineCortex_R
.,0.9863831646014546,0.3626985887683105,SupracalcarineCortex_L
.,0.9707471441625419,0.020079737532357454,OccipitalPole_R
.,0.9836670522593136,0.22488352284944624,OccipitalPole_L
.,0.990210265721791,0.6490291198294404,Brain_Stem_R
.,0.9540384350172302,0.0011174376427531827,Brain_Stem_L
.,0.9845123440169695,0.26186634241649887,Thalamus_R
.,0.9765019150788582,0.058808426391681747,Thalamus_L
.,0.9759733218265809,0.05322721955759788,Caudate_R
.,0.9761474893889055,0.055004339054931135,Caudate_L
.,0.9842857717448399,0.2514588262034073,Putamen_R
.,0.9825168423905751,0.18215725798906648,Putamen_L
.,0.984573508728543,0.2647398436550137,Pallidum_R
.,0.9905109571240039,0.6743982423783648,Pallidum_L
.,0.978243657329338,0.0817260833616773,Hippocampus_R
.,0.9696222386418427,0.016338264818132754,Hippocampus_L
.,0.9713715596027165,0.02252901803539597,Amygdala_R
.,0.9740247467408791,0.03690529232605193,Amygdala_L
.,0.9722980265199825,0.026745251509227845,Accumbens_R
.,0.9666953621702122,0.009625390906406591,Accumbens_L
