Variables,.y.,group1,group2,n1,n2,statistic,p,p.adj,p.adj.signif
Accumbens_L,Values,1,2,42,63,1332,0.956,0.9908468468468468,ns
Accumbens_R,Values,1,2,42,63,1289,0.827,0.9908468468468468,ns
Amygdala_L,Values,1,2,42,63,1216,0.486,0.9908468468468468,ns
Amygdala_R,Values,1,2,42,63,1285,0.806,0.9908468468468468,ns
AngularGyrus_L,Values,1,2,42,63,1515,0.21,0.9908468468468468,ns
AngularGyrus_R,Values,1,2,42,63,1462,0.365,0.9908468468468468,ns
Brain_Stem_L,Values,1,2,42,63,1428,0.494,0.9908468468468468,ns
Brain_Stem_R,Values,1,2,42,63,1459,0.375,0.9908468468468468,ns
Caudate_L,Values,1,2,42,63,1358,0.821,0.9908468468468468,ns
Caudate_R,Values,1,2,42,63,1321,0.992,0.992,ns
CentralOpercularCortex_L,Values,1,2,42,63,1440,0.446,0.9908468468468468,ns
CentralOpercularCortex_R,Values,1,2,42,63,1465,0.355,0.9908468468468468,ns
CingulateGyrusanteriordivision_L,Values,1,2,42,63,1419,0.532,0.9908468468468468,ns
CingulateGyrusanteriordivision_R,Values,1,2,42,63,1339,0.919,0.9908468468468468,ns
CingulateGyrusposteriordivision_L,Values,1,2,42,63,1412,0.563,0.9908468468468468,ns
CingulateGyrusposteriordivision_R,Values,1,2,42,63,1425,0.507,0.9908468468468468,ns
CunealCortex_L,Values,1,2,42,63,1269,0.726,0.9908468468468468,ns
CunealCortex_R,Values,1,2,42,63,1426,0.503,0.9908468468468468,ns
FrontalMedialCortex_L,Values,1,2,42,63,1213,0.474,0.9908468468468468,ns
FrontalMedialCortex_R,Values,1,2,42,63,1238,0.58,0.9908468468468468,ns
FrontalOperculumCortex_L,Values,1,2,42,63,1265,0.707,0.9908468468468468,ns
FrontalOperculumCortex_R,Values,1,2,42,63,1529,0.179,0.9908468468468468,ns
FrontalOrbitalCortex_L,Values,1,2,42,63,1369,0.766,0.9908468468468468,ns
FrontalOrbitalCortex_R,Values,1,2,42,63,1360,0.811,0.9908468468468468,ns
FrontalPole_L,Values,1,2,42,63,1352,0.852,0.9908468468468468,ns
FrontalPole_R,Values,1,2,42,63,1314,0.956,0.9908468468468468,ns
HeschlsGyrus_L,Values,1,2,42,63,1480,0.306,0.9908468468468468,ns
HeschlsGyrus_R,Values,1,2,42,63,1306,0.914,0.9908468468468468,ns
Hippocampus_L,Values,1,2,42,63,1318,0.977,0.9908468468468468,ns
Hippocampus_R,Values,1,2,42,63,1388,0.673,0.9908468468468468,ns
InferiorFrontalGyrusparsopercularis_L,Values,1,2,42,63,1395,0.64,0.9908468468468468,ns
InferiorFrontalGyrusparsopercularis_R,Values,1,2,42,63,1346,0.883,0.9908468468468468,ns
InferiorFrontalGyrusparstriangularis_L,Values,1,2,42,63,1356,0.832,0.9908468468468468,ns
InferiorFrontalGyrusparstriangularis_R,Values,1,2,42,63,1418,0.536,0.9908468468468468,ns
InferiorTemporalGyrusanteriordivision_L,Values,1,2,42,63,1262,0.692,0.9908468468468468,ns
InferiorTemporalGyrusanteriordivision_R,Values,1,2,42,63,1435,0.466,0.9908468468468468,ns
InferiorTemporalGyrusposteriordivision_L,Values,1,2,42,63,1073,0.103,0.9908468468468468,ns
InferiorTemporalGyrusposteriordivision_R,Values,1,2,42,63,1393,0.649,0.9908468468468468,ns
InferiorTemporalGyrustemporooccipitalpart_L,Values,1,2,42,63,1220,0.503,0.9908468468468468,ns
InferiorTemporalGyrustemporooccipitalpart_R,Values,1,2,42,63,1333,0.95,0.9908468468468468,ns
InsularCortex_L,Values,1,2,42,63,1375,0.736,0.9908468468468468,ns
InsularCortex_R,Values,1,2,42,63,1553,0.133,0.9908468468468468,ns
IntracalcarineCortex_L,Values,1,2,42,63,1288,0.821,0.9908468468468468,ns
IntracalcarineCortex_R,Values,1,2,42,63,1417,0.541,0.9908468468468468,ns
JuxtapositionalLobuleCortex_L,Values,1,2,42,63,1405,0.594,0.9908468468468468,ns
JuxtapositionalLobuleCortex_R,Values,1,2,42,63,1314,0.956,0.9908468468468468,ns
LateralOccipitalCortexinferiordivision_L,Values,1,2,42,63,1193,0.397,0.9908468468468468,ns
LateralOccipitalCortexinferiordivision_R,Values,1,2,42,63,1376,0.731,0.9908468468468468,ns
LateralOccipitalCortexsuperiordivision_L,Values,1,2,42,63,1328,0.977,0.9908468468468468,ns
LateralOccipitalCortexsuperiordivision_R,Values,1,2,42,63,1451,0.404,0.9908468468468468,ns
LingualGyrus_L,Values,1,2,42,63,1357,0.827,0.9908468468468468,ns
LingualGyrus_R,Values,1,2,42,63,1462,0.365,0.9908468468468468,ns
MiddleFrontalGyrus_L,Values,1,2,42,63,1367,0.776,0.9908468468468468,ns
MiddleFrontalGyrus_R,Values,1,2,42,63,1329,0.971,0.9908468468468468,ns
MiddleTemporalGyrusanteriordivision_L,Values,1,2,42,63,1200.5,0.425,0.9908468468468468,ns
MiddleTemporalGyrusanteriordivision_R,Values,1,2,42,63,1490,0.276,0.9908468468468468,ns
MiddleTemporalGyrusposteriordivision_L,Values,1,2,42,63,1342,0.904,0.9908468468468468,ns
MiddleTemporalGyrusposteriordivision_R,Values,1,2,42,63,1272,0.741,0.9908468468468468,ns
MiddleTemporalGyrustemporooccipitalpart_L,Values,1,2,42,63,1332,0.956,0.9908468468468468,ns
MiddleTemporalGyrustemporooccipitalpart_R,Values,1,2,42,63,1375,0.736,0.9908468468468468,ns
OccipitalFusiformGyrus_L,Values,1,2,42,63,1378,0.721,0.9908468468468468,ns
OccipitalFusiformGyrus_R,Values,1,2,42,63,1551,0.137,0.9908468468468468,ns
OccipitalPole_L,Values,1,2,42,63,1330,0.966,0.9908468468468468,ns
OccipitalPole_R,Values,1,2,42,63,1475,0.322,0.9908468468468468,ns
Pallidum_L,Values,1,2,42,63,1380,0.712,0.9908468468468468,ns
Pallidum_R,Values,1,2,42,63,1376,0.731,0.9908468468468468,ns
ParacingulateGyrus_L,Values,1,2,42,63,1388,0.673,0.9908468468468468,ns
ParacingulateGyrus_R,Values,1,2,42,63,1319,0.982,0.9908468468468468,ns
ParahippocampalGyrusanteriordivision_L,Values,1,2,42,63,1200,0.423,0.9908468468468468,ns
ParahippocampalGyrusanteriordivision_R,Values,1,2,42,63,1413,0.558,0.9908468468468468,ns
ParahippocampalGyrusposteriordivision_L,Values,1,2,42,63,1502,0.243,0.9908468468468468,ns
ParahippocampalGyrusposteriordivision_R,Values,1,2,42,63,1523,0.192,0.9908468468468468,ns
ParietalOperculumCortex_L,Values,1,2,42,63,1514,0.213,0.9908468468468468,ns
ParietalOperculumCortex_R,Values,1,2,42,63,1428,0.494,0.9908468468468468,ns
PlanumPolare_L,Values,1,2,42,63,1422,0.519,0.9908468468468468,ns
PlanumPolare_R,Values,1,2,42,63,1489,0.279,0.9908468468468468,ns
PlanumTemporale_L,Values,1,2,42,63,1511,0.22,0.9908468468468468,ns
PlanumTemporale_R,Values,1,2,42,63,1386,0.683,0.9908468468468468,ns
PostcentralGyrus_L,Values,1,2,42,63,1377,0.726,0.9908468468468468,ns
PostcentralGyrus_R,Values,1,2,42,63,1426,0.503,0.9908468468468468,ns
PrecentralGyrus_L,Values,1,2,42,63,1405,0.594,0.9908468468468468,ns
PrecentralGyrus_R,Values,1,2,42,63,1380,0.712,0.9908468468468468,ns
PrecuneousCortex_L,Values,1,2,42,63,1349,0.868,0.9908468468468468,ns
PrecuneousCortex_R,Values,1,2,42,63,1362,0.801,0.9908468468468468,ns
Putamen_L,Values,1,2,42,63,1374,0.741,0.9908468468468468,ns
Putamen_R,Values,1,2,42,63,1418,0.536,0.9908468468468468,ns
SubcallosalCortex_L,Values,1,2,42,63,1333,0.95,0.9908468468468468,ns
SubcallosalCortex_R,Values,1,2,42,63,1265,0.707,0.9908468468468468,ns
SuperiorFrontalGyrus_L,Values,1,2,42,63,1401,0.612,0.9908468468468468,ns
SuperiorFrontalGyrus_R,Values,1,2,42,63,1338,0.924,0.9908468468468468,ns
SuperiorParietalLobule_L,Values,1,2,42,63,1352,0.852,0.9908468468468468,ns
SuperiorParietalLobule_R,Values,1,2,42,63,1454,0.393,0.9908468468468468,ns
SuperiorTemporalGyrusanteriordivision_L,Values,1,2,42,63,1369,0.766,0.9908468468468468,ns
SuperiorTemporalGyrusanteriordivision_R,Values,1,2,42,63,1344,0.893,0.9908468468468468,ns
SuperiorTemporalGyrusposteriordivision_L,Values,1,2,42,63,1312,0.945,0.9908468468468468,ns
SuperiorTemporalGyrusposteriordivision_R,Values,1,2,42,63,1242,0.599,0.9908468468468468,ns
SupracalcarineCortex_L,Values,1,2,42,63,1346,0.883,0.9908468468468468,ns
SupracalcarineCortex_R,Values,1,2,42,63,1438,0.454,0.9908468468468468,ns
SupramarginalGyrusanteriordivision_L,Values,1,2,42,63,1525,0.188,0.9908468468468468,ns
SupramarginalGyrusanteriordivision_R,Values,1,2,42,63,1470,0.338,0.9908468468468468,ns
SupramarginalGyrusposteriordivision_L,Values,1,2,42,63,1483,0.297,0.9908468468468468,ns
SupramarginalGyrusposteriordivision_R,Values,1,2,42,63,1507,0.23,0.9908468468468468,ns
TemporalFusiformCortexanteriordivision_L,Values,1,2,42,63,1327.5,0.979,0.9908468468468468,ns
TemporalFusiformCortexanteriordivision_R,Values,1,2,42,63,1527,0.183,0.9908468468468468,ns
TemporalFusiformCortexposteriordivision_L,Values,1,2,42,63,1133,0.215,0.9908468468468468,ns
TemporalFusiformCortexposteriordivision_R,Values,1,2,42,63,1433,0.474,0.9908468468468468,ns
TemporalOccipitalFusiformCortex_L,Values,1,2,42,63,1360,0.811,0.9908468468468468,ns
TemporalOccipitalFusiformCortex_R,Values,1,2,42,63,1448,0.415,0.9908468468468468,ns
TemporalPole_L,Values,1,2,42,63,1350,0.862,0.9908468468468468,ns
TemporalPole_R,Values,1,2,42,63,1473,0.328,0.9908468468468468,ns
Thalamus_L,Values,1,2,42,63,1337,0.93,0.9908468468468468,ns
Thalamus_R,Values,1,2,42,63,1367,0.776,0.9908468468468468,ns
