Clinicals,a
ccqg.score,0.8454999999999999
ccqn.score,0.437
BIS_cog,0.852764705882353
BIS_mot,0.8507777777777779
BIS_nonp,0.852764705882353
BIS_tot_score,0.852764705882353
ASIP_medical,0.6935
ASIP_employment,0.852764705882353
ASIP_alcohol_use,0.6935
ASIP_drugs_use,0.955
ASIP_family_social,0.8813888888888889
ASIP_psychiatric,0.8454999999999999
WHODAS_TOTAL,0.7714
WHODAS_TUC,0.551
WHODAS_TGA,0.852764705882353
WHODAS_TSC,0.852764705882353
WHODAS_TGAP,0.8454999999999999
WHODAS_TLA,0.852764705882353
WHODAS_TPS,0.852764705882353
