Clinicals,a,b,c
ccqg.score,0.181,0.62,0.394
ccqn.score,0.859,0.657,0.792
BIS_cog,0.611,0.631,0.808
BIS_mot,0.93,0.517,0.674
BIS_nonp,0.976,0.669,0.787
BIS_tot_score,0.851,0.611,0.846
ASIP_medical,0.72,0.317,0.858
ASIP_employment,0.849,0.691,0.438
ASIP_alcohol_use,0.897,0.74,0.941
ASIP_drugs_use,0.826,0.58,0.971
ASIP_family_social,0.488,0.463,0.97
ASIP_psychiatric,0.12,0.583,0.3
WHODAS_TOTAL,0.158,0.051,0.131
WHODAS_TUC,0.875,0.12,0.817
WHODAS_TGA,0.167,0.21,0.435
WHODAS_TSC,0.12,0.699,0.29
WHODAS_TGAP,0.891,0.116,0.927
WHODAS_TLA,0.047,0.144,0.141
WHODAS_TPS,0.013,0.142,0.043
