Clinicals,a
ccqg.score,0.4525454545454546
ccqn.score,0.8672941176470589
BIS_cog,0.4525454545454546
BIS_mot,0.4525454545454546
BIS_nonp,0.4525454545454546
BIS_tot_score,0.4525454545454546
ASIP_medical,0.5408666666666666
ASIP_employment,0.4525454545454546
ASIP_alcohol_use,0.4525454545454546
ASIP_drugs_use,0.4777142857142857
ASIP_family_social,0.4525454545454546
ASIP_psychiatric,0.4525454545454546
WHODAS_TOTAL,0.4777142857142857
WHODAS_TUC,0.898
WHODAS_TGA,0.4777142857142857
WHODAS_TSC,0.6851875
WHODAS_TGAP,0.4525454545454546
WHODAS_TLA,0.898
WHODAS_TPS,0.4525454545454546
