Variables,.y.,group1,group2,n1,n2,statistic,p,p.adj,p.adj.signif
Left_Accumbens_area,Values,1,2,42,63,1431,0.482,0.8330196078431372,ns
Left_Amygdala,Values,1,2,42,63,1236,0.572,0.8501311475409836,ns
Left_Caudate,Values,1,2,42,63,1287,0.816,0.9113766233766233,ns
Left_Cerebellum_Cortex,Values,1,2,42,63,1184,0.365,0.8330196078431372,ns
Left_Hippocampus,Values,1,2,42,63,1074,0.104,0.8330196078431372,ns
Left_Pallidum,Values,1,2,42,63,1175,0.335,0.8330196078431372,ns
Left_Putamen,Values,1,2,42,63,958,0.0171,0.5561333333333334,ns
Left_Thalamus_Proper,Values,1,2,42,63,1247,0.621,0.8586769230769231,ns
Left_VentralDC,Values,1,2,42,63,1259,0.678,0.8686,ns
lh_bankssts,Values,1,2,42,63,1404,0.599,0.8501311475409836,ns
lh_caudalanteriorcingulate,Values,1,2,42,63,1414,0.554,0.8501311475409836,ns
lh_caudalmiddlefrontal,Values,1,2,42,63,1161,0.291,0.8330196078431372,ns
lh_cuneus,Values,1,2,42,63,1578,0.096,0.8330196078431372,ns
lh_entorhinal,Values,1,2,42,63,1264,0.702,0.8686,ns
lh_frontalpole,Values,1,2,42,63,1270,0.731,0.8844054054054054,ns
lh_fusiform,Values,1,2,42,63,1146,0.248,0.8330196078431372,ns
lh_inferiorparietal,Values,1,2,42,63,1274,0.751,0.8844054054054054,ns
lh_inferiortemporal,Values,1,2,42,63,1204,0.438,0.8330196078431372,ns
lh_insula,Values,1,2,42,63,1103,0.151,0.8330196078431372,ns
lh_isthmuscingulate,Values,1,2,42,63,1199,0.419,0.8330196078431372,ns
lh_lateraloccipital,Values,1,2,42,63,996,0.0327,0.70305,ns
lh_lateralorbitofrontal,Values,1,2,42,63,1429,0.49,0.8330196078431372,ns
lh_lingual,Values,1,2,42,63,965,0.0194,0.5561333333333334,ns
lh_medialorbitofrontal,Values,1,2,42,63,1240,0.589,0.8501311475409836,ns
lh_middletemporal,Values,1,2,42,63,1515,0.21,0.8330196078431372,ns
lh_paracentral,Values,1,2,42,63,1253,0.649,0.8586769230769231,ns
lh_parahippocampal,Values,1,2,42,63,1444,0.431,0.8330196078431372,ns
lh_parsopercularis,Values,1,2,42,63,1212,0.47,0.8330196078431372,ns
lh_parsorbitalis,Values,1,2,42,63,1351,0.857,0.92665,ns
lh_parstriangularis,Values,1,2,42,63,1285,0.806,0.9113766233766233,ns
lh_pericalcarine,Values,1,2,42,63,1189,0.383,0.8330196078431372,ns
lh_postcentral,Values,1,2,42,63,1301,0.888,0.9428148148148149,ns
lh_posteriorcingulate,Values,1,2,42,63,1315,0.961,0.9773647058823529,ns
lh_precentral,Values,1,2,42,63,1200,0.423,0.8330196078431372,ns
lh_precuneus,Values,1,2,42,63,1419,0.532,0.8501311475409836,ns
lh_rostralanteriorcingulate,Values,1,2,42,63,1443,0.434,0.8330196078431372,ns
lh_rostralmiddlefrontal,Values,1,2,42,63,1169,0.315,0.8330196078431372,ns
lh_superiorfrontal,Values,1,2,42,63,1212,0.47,0.8330196078431372,ns
lh_superiorparietal,Values,1,2,42,63,1281,0.786,0.9012800000000001,ns
lh_superiortemporal,Values,1,2,42,63,1120,0.185,0.8330196078431372,ns
lh_supramarginal,Values,1,2,42,63,1218,0.494,0.8330196078431372,ns
lh_temporalpole,Values,1,2,42,63,1182,0.358,0.8330196078431372,ns
lh_transversetemporal,Values,1,2,42,63,1232,0.554,0.8501311475409836,ns
rh_bankssts,Values,1,2,42,63,1393,0.649,0.8586769230769231,ns
rh_caudalanteriorcingulate,Values,1,2,42,63,1192,0.393,0.8330196078431372,ns
rh_caudalmiddlefrontal,Values,1,2,42,63,1170,0.319,0.8330196078431372,ns
rh_cuneus,Values,1,2,42,63,1457,0.383,0.8330196078431372,ns
rh_entorhinal,Values,1,2,42,63,1263,0.697,0.8686,ns
rh_frontalpole,Values,1,2,42,63,1127,0.201,0.8330196078431372,ns
rh_fusiform,Values,1,2,42,63,1512,0.218,0.8330196078431372,ns
rh_inferiorparietal,Values,1,2,42,63,1203,0.434,0.8330196078431372,ns
rh_inferiortemporal,Values,1,2,42,63,1275,0.756,0.8844054054054054,ns
rh_insula,Values,1,2,42,63,1476,0.319,0.8330196078431372,ns
rh_isthmuscingulate,Values,1,2,42,63,1339,0.919,0.9522168674698795,ns
rh_lateraloccipital,Values,1,2,42,63,1321,0.992,0.992,ns
rh_lateralorbitofrontal,Values,1,2,42,63,1228,0.536,0.8501311475409836,ns
rh_lingual,Values,1,2,42,63,1192,0.393,0.8330196078431372,ns
rh_medialorbitofrontal,Values,1,2,42,63,1616,0.0557,0.8330196078431372,ns
rh_middletemporal,Values,1,2,42,63,1120,0.185,0.8330196078431372,ns
rh_paracentral,Values,1,2,42,63,1241,0.594,0.8501311475409836,ns
rh_parahippocampal,Values,1,2,42,63,1125,0.196,0.8330196078431372,ns
rh_parsopercularis,Values,1,2,42,63,1504,0.238,0.8330196078431372,ns
rh_parsorbitalis,Values,1,2,42,63,1091,0.13,0.8330196078431372,ns
rh_parstriangularis,Values,1,2,42,63,1390,0.664,0.8652121212121212,ns
rh_pericalcarine,Values,1,2,42,63,1340,0.914,0.9522168674698795,ns
rh_postcentral,Values,1,2,42,63,1209,0.458,0.8330196078431372,ns
rh_posteriorcingulate,Values,1,2,42,63,1199,0.419,0.8330196078431372,ns
rh_precentral,Values,1,2,42,63,1243,0.603,0.8501311475409836,ns
rh_precuneus,Values,1,2,42,63,1216,0.486,0.8330196078431372,ns
rh_rostralanteriorcingulate,Values,1,2,42,63,1330,0.966,0.9773647058823529,ns
rh_rostralmiddlefrontal,Values,1,2,42,63,1253,0.649,0.8586769230769231,ns
rh_superiorfrontal,Values,1,2,42,63,1293,0.847,0.92665,ns
rh_superiorparietal,Values,1,2,42,63,1296,0.862,0.92665,ns
rh_superiortemporal,Values,1,2,42,63,1276,0.761,0.8844054054054054,ns
rh_supramarginal,Values,1,2,42,63,1215,0.482,0.8330196078431372,ns
rh_temporalpole,Values,1,2,42,63,939,0.0121,0.5561333333333334,ns
rh_transversetemporal,Values,1,2,42,63,1511,0.22,0.8330196078431372,ns
Right_Accumbens_area,Values,1,2,42,63,1198,0.415,0.8330196078431372,ns
Right_Amygdala,Values,1,2,42,63,1124,0.194,0.8330196078431372,ns
Right_Caudate,Values,1,2,42,63,1218,0.494,0.8330196078431372,ns
Right_Cerebellum_Cortex,Values,1,2,42,63,1265,0.707,0.8686,ns
Right_Hippocampus,Values,1,2,42,63,1517,0.206,0.8330196078431372,ns
Right_Pallidum,Values,1,2,42,63,1157,0.279,0.8330196078431372,ns
Right_Putamen,Values,1,2,42,63,1176,0.338,0.8330196078431372,ns
Right_Thalamus_Proper,Values,1,2,42,63,1232,0.554,0.8501311475409836,ns
Right_VentralDC,Values,1,2,42,63,1447,0.419,0.8330196078431372,ns
