Clinicals,a
ccqg.score,-0.1665282276875945
ccqn.score,-0.03918803234616775
BIS_cog,-0.17431117377211336
BIS_mot,0.019772521437349543
BIS_nonp,-0.19643128198974605
BIS_tot_score,-0.12395356768416735
ASIP_medical,-0.15460380009147082
ASIP_employment,-0.2967167960817679
ASIP_alcohol_use,-0.1971407631067309
ASIP_drugs_use,0.15430313421642583
ASIP_family_social,-0.051149111174615666
ASIP_psychiatric,-0.027507798037844648
WHODAS_TOTAL,0.08155235103301074
WHODAS_TUC,0.061428372463498984
WHODAS_TGA,0.015247376080944976
WHODAS_TSC,0.03621412923581328
WHODAS_TGAP,0.1239167339576331
WHODAS_TLA,-0.02747381143713029
WHODAS_TPS,0.07765561585125126
