Clinicals,a
ccqg.score,0.21152664275861643
ccqn.score,0.7623445558196764
BIS_cog,0.2074439209286908
BIS_mot,0.8871496954413586
BIS_nonp,0.15456065855627824
BIS_tot_score,0.3718537643750478
ASIP_medical,0.4062935301363847
ASIP_employment,0.11133456678891883
ASIP_alcohol_use,0.40479173621534925
ASIP_drugs_use,0.36889606441276923
ASIP_family_social,0.770436843033522
ASIP_psychiatric,0.8812027696968192
WHODAS_TOTAL,0.5251680606336203
WHODAS_TUC,0.6324644111214889
WHODAS_TGA,0.9055877640286998
WHODAS_TSC,0.7781143724875655
WHODAS_TGAP,0.333244770551804
WHODAS_TLA,0.8307497010157483
WHODAS_TPS,0.5452161194682741
