Clinicals,a
ccqg.score,0.8577307858434788
ccqn.score,0.9055877640286998
BIS_cog,0.8577307858434788
BIS_mot,0.9055877640286998
BIS_nonp,0.8577307858434788
BIS_tot_score,0.8577307858434788
ASIP_medical,0.8577307858434788
ASIP_employment,0.8577307858434788
ASIP_alcohol_use,0.8577307858434788
ASIP_drugs_use,0.8577307858434788
ASIP_family_social,0.9055877640286998
ASIP_psychiatric,0.9055877640286998
WHODAS_TOTAL,0.9055877640286998
WHODAS_TUC,0.9055877640286998
WHODAS_TGA,0.9055877640286998
WHODAS_TSC,0.9055877640286998
WHODAS_TGAP,0.8577307858434788
WHODAS_TLA,0.9055877640286998
WHODAS_TPS,0.9055877640286998
