struc_names,z_stat,p_value,p_fdr
FrontalPole_R,-1.084249776411238,0.2784,0.9972
FrontalPole_L,-1.1960929911150293,0.238,0.9972
InsularCortex_R,-0.35086004945288923,0.7222,0.9972
InsularCortex_L,-0.21079979969736418,0.8385,0.9972
SuperiorFrontalGyrus_R,0.3438874205777069,0.7403,0.9972
SuperiorFrontalGyrus_L,0.04935268037663638,0.9599,0.9972
MiddleFrontalGyrus_R,-1.0323470159162786,0.2952,0.9972
MiddleFrontalGyrus_L,-1.3182845908120775,0.1842,0.9972
InferiorFrontalGyrusparstriangularis_R,-0.5900731128628397,0.5582,0.9972
InferiorFrontalGyrusparstriangularis_L,-1.9611807462791346,0.0484,0.7744
InferiorFrontalGyrusparsopercularis_R,-0.7438610511539349,0.4617,0.9972
InferiorFrontalGyrusparsopercularis_L,-2.1210959404017413,0.0338,0.7744
PrecentralGyrus_R,-0.23780878329341298,0.8191,0.9972
PrecentralGyrus_L,0.3870026339049354,0.7066,0.9972
TemporalPole_R,0.5231717957699863,0.6015,0.9972
TemporalPole_L,0.03899412058872401,0.9693,0.9972
SuperiorTemporalGyrusanteriordivision_R,-0.5487271904842721,0.5908,0.9972
SuperiorTemporalGyrusanteriordivision_L,0.4905991384014388,0.6369,0.9972
SuperiorTemporalGyrusposteriordivision_R,0.5238281810792633,0.6035,0.9972
SuperiorTemporalGyrusposteriordivision_L,-0.26772333539101373,0.7847,0.9972
MiddleTemporalGyrusanteriordivision_R,1.1124151594046527,0.2659,0.9972
MiddleTemporalGyrusanteriordivision_L,1.1598912388576583,0.2524,0.9972
MiddleTemporalGyrusposteriordivision_R,1.4796752139301017,0.1414,0.9972
MiddleTemporalGyrusposteriordivision_L,-0.7609021035487472,0.4425,0.9972
MiddleTemporalGyrustemporooccipitalpart_R,0.3046359687692819,0.7698,0.9972
MiddleTemporalGyrustemporooccipitalpart_L,-0.47951905468755623,0.6328,0.9972
InferiorTemporalGyrusanteriordivision_R,0.9635446274703166,0.3339,0.9972
InferiorTemporalGyrusanteriordivision_L,0.949690634794678,0.3363,0.9972
InferiorTemporalGyrusposteriordivision_R,-0.5252619401983094,0.6021,0.9972
InferiorTemporalGyrusposteriordivision_L,0.003876259478628821,0.9972,0.9972
InferiorTemporalGyrustemporooccipitalpart_R,-0.7100095320087617,0.4741,0.9972
InferiorTemporalGyrustemporooccipitalpart_L,-1.0656234136419476,0.2926,0.9972
PostcentralGyrus_R,0.9385007741519286,0.3524,0.9972
PostcentralGyrus_L,1.1845929062403007,0.2397,0.9972
SuperiorParietalLobule_R,-0.1834334462878831,0.8564,0.9972
SuperiorParietalLobule_L,0.12214064210820531,0.9032,0.9972
SupramarginalGyrusanteriordivision_R,-0.41119463047063254,0.6915,0.9972
SupramarginalGyrusanteriordivision_L,-0.9834013454593958,0.3191,0.9972
SupramarginalGyrusposteriordivision_R,-1.53098305960368,0.1254,0.9972
SupramarginalGyrusposteriordivision_L,-1.7146060565546912,0.0878,0.98336
AngularGyrus_R,-0.8141241541086672,0.4219,0.9972
AngularGyrus_L,-0.8878030359191983,0.375,0.9972
LateralOccipitalCortexsuperiordivision_R,-0.718444781405116,0.4747,0.9972
LateralOccipitalCortexsuperiordivision_L,-0.8506168986447961,0.3879,0.9972
LateralOccipitalCortexinferiordivision_R,0.7683856642268141,0.4472,0.9972
LateralOccipitalCortexinferiordivision_L,0.5256406299544364,0.6064,0.9972
IntracalcarineCortex_R,-0.036084472998358354,0.9722,0.9972
IntracalcarineCortex_L,-0.06064885000162885,0.9503,0.9972
FrontalMedialCortex_R,-0.24072510763099936,0.8171,0.9972
FrontalMedialCortex_L,-1.4402702207935414,0.155,0.9972
JuxtapositionalLobuleCortex_R,0.525850995088045,0.5939,0.9972
JuxtapositionalLobuleCortex_L,0.23377876681943893,0.8186,0.9972
SubcallosalCortex_R,0.010727872053698025,0.9911,0.9972
SubcallosalCortex_L,-0.2305103487326894,0.8197,0.9972
ParacingulateGyrus_R,-0.6695054985838101,0.4986,0.9972
ParacingulateGyrus_L,-0.8818093011626357,0.3899,0.9972
CingulateGyrusanteriordivision_R,-0.16956573462402325,0.8675,0.9972
CingulateGyrusanteriordivision_L,-0.2858083495722677,0.7718,0.9972
CingulateGyrusposteriordivision_R,1.495412485465168,0.144,0.9972
CingulateGyrusposteriordivision_L,0.9009628677071838,0.369,0.9972
PrecuneousCortex_R,0.9543222753611278,0.3389,0.9972
PrecuneousCortex_L,-0.06902586240629033,0.9412,0.9972
CunealCortex_R,0.014124889029355422,0.9885,0.9972
CunealCortex_L,-0.7406305102111678,0.4624,0.9972
FrontalOrbitalCortex_R,-1.0098877175861798,0.3173,0.9972
FrontalOrbitalCortex_L,-0.9203696862311483,0.3671,0.9972
ParahippocampalGyrusanteriordivision_R,0.04560928221884666,0.9659,0.9972
ParahippocampalGyrusanteriordivision_L,0.40628202781058886,0.6845,0.9972
ParahippocampalGyrusposteriordivision_R,1.1770915209142703,0.2311,0.9972
ParahippocampalGyrusposteriordivision_L,0.47889677727072866,0.6342,0.9972
LingualGyrus_R,0.6474373123467163,0.5136,0.9972
LingualGyrus_L,-0.22452867992077682,0.8252,0.9972
TemporalFusiformCortexanteriordivision_R,2.0916612446538956,0.0358,0.7744
TemporalFusiformCortexanteriordivision_L,0.507748217356358,0.6046,0.9972
TemporalFusiformCortexposteriordivision_R,0.5163979283582922,0.6117,0.9972
TemporalFusiformCortexposteriordivision_L,1.202241244262032,0.2333,0.9972
TemporalOccipitalFusiformCortex_R,-0.2896320434456453,0.7821,0.9972
TemporalOccipitalFusiformCortex_L,0.07072330416853402,0.9456,0.9972
OccipitalFusiformGyrus_R,0.12191163087331526,0.9064,0.9972
OccipitalFusiformGyrus_L,-0.790279902611098,0.4387,0.9972
FrontalOperculumCortex_R,-2.0175366442275027,0.0424,0.7744
FrontalOperculumCortex_L,-1.967436492729774,0.048,0.7744
CentralOpercularCortex_R,0.7256551385254989,0.4668,0.9972
CentralOpercularCortex_L,1.2629077830446962,0.211,0.9972
ParietalOperculumCortex_R,1.6150528477779296,0.1092,0.9972
ParietalOperculumCortex_L,1.3734484985079498,0.1697,0.9972
PlanumPolare_R,-0.10690038066935251,0.9196,0.9972
PlanumPolare_L,-0.0816175145711186,0.9342,0.9972
HeschlsGyrus_R,0.19260328434360496,0.8475,0.9972
HeschlsGyrus_L,0.4017699298329639,0.6871,0.9972
PlanumTemporale_R,0.9669798289435119,0.3308,0.9972
PlanumTemporale_L,0.2616519256222675,0.7927,0.9972
SupracalcarineCortex_R,-0.19162849340103444,0.8548,0.9972
SupracalcarineCortex_L,0.03976635340767117,0.9633,0.9972
OccipitalPole_R,0.31281805984988487,0.7558,0.9972
OccipitalPole_L,0.06300249792062848,0.9504,0.9972
Brain_Stem_R,-0.03361115338197116,0.9763,0.9972
Brain_Stem_L,0.2043363431705904,0.8373,0.9972
Thalamus_R,-0.9138967736025461,0.3563,0.9972
Thalamus_L,-1.8321665726595022,0.0656,0.8163555555555556
Caudate_R,-2.6666051129277832,0.0081,0.756
Caudate_L,-2.444148295677698,0.0135,0.756
Putamen_R,-1.6410239564371512,0.101,0.9972
Putamen_L,-0.3502840279157454,0.7245,0.9972
Pallidum_R,-1.0547452235712906,0.2898,0.9972
Pallidum_L,-0.6144974573886429,0.5484,0.9972
Hippocampus_R,1.9100815910668558,0.0577,0.8078000000000001
Hippocampus_L,0.8314782511732005,0.4053,0.9972
Amygdala_R,0.09588511593189544,0.9229,0.9972
Amygdala_L,-0.11033469940595739,0.9125,0.9972
Accumbens_R,0.35937153617511985,0.7251,0.9972
Accumbens_L,-0.17494866809785256,0.8641,0.9972
