variable,statistic,p.value,Regions
.,0.9830448432581138,0.2007446335524991,FrontalPole_R
.,0.9880432850103376,0.47525513786377205,FrontalPole_L
.,0.9855428921738938,0.314035472362175,InsularCortex_R
.,0.9770734377774821,0.06551060867573437,InsularCortex_L
.,0.9869856087901273,0.40106051886736327,SuperiorFrontalGyrus_R
.,0.9922006760819776,0.8128038730393685,SuperiorFrontalGyrus_L
.,0.9846933993450677,0.27045206490644014,MiddleFrontalGyrus_R
.,0.9797026701690261,0.10764440281534324,MiddleFrontalGyrus_L
.,0.9804199007982451,0.12320103427603932,InferiorFrontalGyrusparstriangularis_R
.,0.9776939618550126,0.07366107803852609,InferiorFrontalGyrusparstriangularis_L
.,0.9903380600318331,0.6598037183792106,InferiorFrontalGyrusparsopercularis_R
.,0.988913737813703,0.5422326676634674,InferiorFrontalGyrusparsopercularis_L
.,0.9749389718543866,0.043809947205083626,PrecentralGyrus_R
.,0.9877785022652149,0.4558931421539796,PrecentralGyrus_L
.,0.9814906414845684,0.15055762317279459,TemporalPole_R
.,0.9908557032015274,0.703469689599105,TemporalPole_L
.,0.9890175120658836,0.5505214544280825,SuperiorTemporalGyrusanteriordivision_R
.,0.9933632102276625,0.8938555308719777,SuperiorTemporalGyrusanteriordivision_L
.,0.9890382092339988,0.5521814366901846,SuperiorTemporalGyrusposteriordivision_R
.,0.9880001326246607,0.47206534007284795,SuperiorTemporalGyrusposteriordivision_L
.,0.9923237786180796,0.8221692995669098,MiddleTemporalGyrusanteriordivision_R
.,0.9887653259884972,0.5304818047400355,MiddleTemporalGyrusanteriordivision_L
.,0.9887982943858715,0.5330813382188977,MiddleTemporalGyrusposteriordivision_R
.,0.9834453881834331,0.21599595895751134,MiddleTemporalGyrusposteriordivision_L
.,0.9800653673535638,0.11525476546144364,MiddleTemporalGyrustemporooccipitalpart_R
.,0.9875619937957506,0.44044348557209956,MiddleTemporalGyrustemporooccipitalpart_L
.,0.9829841170088095,0.1985207814176963,InferiorTemporalGyrusanteriordivision_R
.,0.9739106693031283,0.036125527957449756,InferiorTemporalGyrusanteriordivision_L
.,0.972174893967997,0.02614099098270185,InferiorTemporalGyrusposteriordivision_R
.,0.985802196091655,0.32845384521065424,InferiorTemporalGyrusposteriordivision_L
.,0.9914125440711598,0.7498931590349872,InferiorTemporalGyrustemporooccipitalpart_R
.,0.9904410290003772,0.6684943420778449,InferiorTemporalGyrustemporooccipitalpart_L
.,0.977123005585606,0.06612697080424151,PostcentralGyrus_R
.,0.9711496758812784,0.021625130480209826,PostcentralGyrus_L
.,0.978143693122065,0.08019648787483058,SuperiorParietalLobule_R
.,0.980140511849535,0.11689610647050358,SuperiorParietalLobule_L
.,0.9921848080630318,0.8115858363532654,SupramarginalGyrusanteriordivision_R
.,0.9763894794248679,0.05757366971645818,SupramarginalGyrusanteriordivision_L
.,0.98950336814702,0.5900302202920045,SupramarginalGyrusposteriordivision_R
.,0.9889281841941406,0.5433830676029957,SupramarginalGyrusposteriordivision_L
.,0.9783518096609316,0.08341374182647035,AngularGyrus_R
.,0.9828110445959832,0.19230703403275454,AngularGyrus_L
.,0.989317196232489,0.5747645682067785,LateralOccipitalCortexsuperiordivision_R
.,0.9868127419405168,0.38975669003553726,LateralOccipitalCortexsuperiordivision_L
.,0.9839565824632989,0.23698940584341036,LateralOccipitalCortexinferiordivision_R
.,0.9866201297425669,0.3774419383826315,LateralOccipitalCortexinferiordivision_L
.,0.9901040909149684,0.6400928081253724,IntracalcarineCortex_R
.,0.993376135814535,0.8946480609582664,IntracalcarineCortex_L
.,0.9807459123744119,0.13097667832817575,FrontalMedialCortex_R
.,0.9850690873411726,0.28904671751321154,FrontalMedialCortex_L
.,0.9745814281966372,0.04096479745858657,JuxtapositionalLobuleCortex_R
.,0.9807587381431697,0.1312921126462612,JuxtapositionalLobuleCortex_L
.,0.981471369699041,0.15001723969086303,SubcallosalCortex_R
.,0.9845867214720411,0.2653641761123566,SubcallosalCortex_L
.,0.9696216448821987,0.016336493216277347,ParacingulateGyrus_R
.,0.986624586960101,0.3777235628800322,ParacingulateGyrus_L
.,0.9728813441092367,0.02980935346585215,CingulateGyrusanteriordivision_R
.,0.9868345586273609,0.39117020339833475,CingulateGyrusanteriordivision_L
.,0.9768218522354134,0.06247025619622449,CingulateGyrusposteriordivision_R
.,0.9771691072647802,0.06670546806754754,CingulateGyrusposteriordivision_L
.,0.9848129561512681,0.2762545059833327,PrecuneousCortex_R
.,0.9866761544877655,0.3809933528650108,PrecuneousCortex_L
.,0.993820933374528,0.9201745429864776,CunealCortex_R
.,0.9835793407246878,0.22132783531742653,CunealCortex_L
.,0.9928565319959153,0.8607410961975178,FrontalOrbitalCortex_R
.,0.9651678759670561,0.0073358363383577915,FrontalOrbitalCortex_L
.,0.9657659877124073,0.008156020027726467,ParahippocampalGyrusanteriordivision_R
.,0.9822804033369373,0.17436542876230793,ParahippocampalGyrusanteriordivision_L
.,0.9800681450903593,0.11531503528663457,ParahippocampalGyrusposteriordivision_R
.,0.9481276196657548,4.401937736917451e-4,ParahippocampalGyrusposteriordivision_L
.,0.987255107602783,0.41915355954052275,LingualGyrus_R
.,0.9836170233806204,0.22284914556106736,LingualGyrus_L
.,0.967763616972447,0.01166080118721584,TemporalFusiformCortexanteriordivision_R
.,0.9752827394116923,0.04673543189465302,TemporalFusiformCortexanteriordivision_L
.,0.9914051851051696,0.7492871807368197,TemporalFusiformCortexposteriordivision_R
.,0.9828757029820602,0.1946070551100228,TemporalFusiformCortexposteriordivision_L
.,0.9904704531059451,0.6709784925162745,TemporalOccipitalFusiformCortex_R
.,0.984928405377544,0.2819591337850752,TemporalOccipitalFusiformCortex_L
.,0.9827499700379536,0.19015768362463017,OccipitalFusiformGyrus_R
.,0.9866969398824459,0.3823173215500913,OccipitalFusiformGyrus_L
.,0.9908143597944337,0.6999901607126482,FrontalOperculumCortex_R
.,0.9872400601774378,0.4181283496377382,FrontalOperculumCortex_L
.,0.9800620492098662,0.11518281053522238,CentralOpercularCortex_R
.,0.9859011192504221,0.3340945829464892,CentralOpercularCortex_L
.,0.9948121748967088,0.9636866905359768,ParietalOperculumCortex_R
.,0.9836668683875684,0.2248760152205247,ParietalOperculumCortex_L
.,0.9874748334234146,0.43432344290121533,PlanumPolare_R
.,0.9809641256499266,0.13644453701731762,PlanumPolare_L
.,0.9944944499536909,0.9518391126321298,HeschlsGyrus_R
.,0.98305206916769206,0.20101077730586456,HeschlsGyrus_L
.,0.9743362875839207,0.03912370069844503,PlanumTemporale_R
.,0.9877573268256934,0.45436671862087297,PlanumTemporale_L
.,0.980816489737967,0.132721571918179,SupracalcarineCortex_R
.,0.9935701696310038,0.9062083653724019,SupracalcarineCortex_L
.,0.9817454235434666,0.15787866605548206,OccipitalPole_R
.,0.9836282433475272,0.22330394054032338,OccipitalPole_L
.,0.9876828669920167,0.4490256539635783,Brain_Stem_R
.,0.980213843870781,0.11851985269723189,Brain_Stem_L
.,0.9689368635179078,0.014420188405491896,Thalamus_R
.,0.966712310407972,0.009654615402209639,Thalamus_L
.,0.9862810569945379,0.3564844329131591,Caudate_R
.,0.9787521275096461,0.089967819137841007,Caudate_L
.,0.9855353358118146,0.31362324576717215,Putamen_R
.,0.9779116914798532,0.07675576306552215,Putamen_L
.,0.9031775139336709,1.2123312478058133e-6,Pallidum_R
.,0.94453995276117,2.5547180542815034e-4,Pallidum_L
.,0.9934550635481735,0.8994273534920981,Hippocampus_R
.,0.9912880209009891,0.739606143342294,Hippocampus_L
.,0.9667858750038855,0.00978254114807135,Amygdala_R
.,0.9751023236483501,0.04517608794063633,Amygdala_L
.,0.9290808563436227,2.887067774877297e-5,Accumbens_R
.,0.8983386139222527,7.076444692147814e-7,Accumbens_L
