Variables,.y.,group1,group2,n1,n2,statistic,p,p.adj,p.adj.signif
Accumbens_L,Values,1,2,42,63,1301,0.888,0.9947636363636363,ns
Accumbens_R,Values,1,2,42,63,1245,0.612,0.9947636363636363,ns
Amygdala_L,Values,1,2,42,63,1316,0.966,0.9947636363636363,ns
Amygdala_R,Values,1,2,42,63,1315,0.961,0.9947636363636363,ns
AngularGyrus_L,Values,1,2,42,63,1476,0.319,0.9947636363636363,ns
AngularGyrus_R,Values,1,2,42,63,1433.5,0.472,0.9947636363636363,ns
Brain_Stem_L,Values,1,2,42,63,1332,0.956,0.9947636363636363,ns
Brain_Stem_R,Values,1,2,42,63,1334.5,0.943,0.9947636363636363,ns
Caudate_L,Values,1,2,42,63,1696,0.0148,0.8288,ns
Caudate_R,Values,1,2,42,63,1746.5,0.00566,0.63392,ns
CentralOpercularCortex_L,Values,1,2,42,63,1116,0.177,0.9947636363636363,ns
CentralOpercularCortex_R,Values,1,2,42,63,1187.5,0.377,0.9947636363636363,ns
CingulateGyrusanteriordivision_L,Values,1,2,42,63,1394,0.645,0.9947636363636363,ns
CingulateGyrusanteriordivision_R,Values,1,2,42,63,1364,0.791,0.9947636363636363,ns
CingulateGyrusposteriordivision_L,Values,1,2,42,63,1194,0.401,0.9947636363636363,ns
CingulateGyrusposteriordivision_R,Values,1,2,42,63,1126,0.199,0.9947636363636363,ns
CunealCortex_L,Values,1,2,42,63,1446,0.423,0.9947636363636363,ns
CunealCortex_R,Values,1,2,42,63,1317,0.971,0.9947636363636363,ns
FrontalMedialCortex_L,Values,1,2,42,63,1555,0.13,0.9947636363636363,ns
FrontalMedialCortex_R,Values,1,2,42,63,1351,0.857,0.9947636363636363,ns
FrontalOperculumCortex_L,Values,1,2,42,63,1618,0.0541,0.9456,ns
FrontalOperculumCortex_R,Values,1,2,42,63,1626,0.0479,0.9456,ns
FrontalOrbitalCortex_L,Values,1,2,42,63,1479.5,0.308,0.9947636363636363,ns
FrontalOrbitalCortex_R,Values,1,2,42,63,1476.5,0.317,0.9947636363636363,ns
FrontalPole_L,Values,1,2,42,63,1492,0.27,0.9947636363636363,ns
FrontalPole_R,Values,1,2,42,63,1528,0.181,0.9947636363636363,ns
HeschlsGyrus_L,Values,1,2,42,63,1295,0.857,0.9947636363636363,ns
HeschlsGyrus_R,Values,1,2,42,63,1283,0.796,0.9947636363636363,ns
Hippocampus_L,Values,1,2,42,63,1196,0.408,0.9947636363636363,ns
Hippocampus_R,Values,1,2,42,63,1034,0.0591,0.9456,ns
InferiorFrontalGyrusparsopercularis_L,Values,1,2,42,63,1616,0.0557,0.9456,ns
InferiorFrontalGyrusparsopercularis_R,Values,1,2,42,63,1459,0.375,0.9947636363636363,ns
InferiorFrontalGyrusparstriangularis_L,Values,1,2,42,63,1644.5,0.0358,0.9456,ns
InferiorFrontalGyrusparstriangularis_R,Values,1,2,42,63,1422,0.519,0.9947636363636363,ns
InferiorTemporalGyrusanteriordivision_L,Values,1,2,42,63,1203,0.434,0.9947636363636363,ns
InferiorTemporalGyrusanteriordivision_R,Values,1,2,42,63,1236,0.572,0.9947636363636363,ns
InferiorTemporalGyrusposteriordivision_L,Values,1,2,42,63,1308.5,0.927,0.9947636363636363,ns
InferiorTemporalGyrusposteriordivision_R,Values,1,2,42,63,1401,0.612,0.9947636363636363,ns
InferiorTemporalGyrustemporooccipitalpart_L,Values,1,2,42,63,1465,0.355,0.9947636363636363,ns
InferiorTemporalGyrustemporooccipitalpart_R,Values,1,2,42,63,1397.5,0.628,0.9947636363636363,ns
InsularCortex_L,Values,1,2,42,63,1344,0.893,0.9947636363636363,ns
InsularCortex_R,Values,1,2,42,63,1345,0.888,0.9947636363636363,ns
IntracalcarineCortex_L,Values,1,2,42,63,1280,0.781,0.9947636363636363,ns
IntracalcarineCortex_R,Values,1,2,42,63,1330,0.966,0.9947636363636363,ns
JuxtapositionalLobuleCortex_L,Values,1,2,42,63,1285,0.806,0.9947636363636363,ns
JuxtapositionalLobuleCortex_R,Values,1,2,42,63,1303.5,0.901,0.9947636363636363,ns
LateralOccipitalCortexinferiordivision_L,Values,1,2,42,63,1221,0.507,0.9947636363636363,ns
LateralOccipitalCortexinferiordivision_R,Values,1,2,42,63,1165,0.303,0.9947636363636363,ns
LateralOccipitalCortexsuperiordivision_L,Values,1,2,42,63,1450,0.408,0.9947636363636363,ns
LateralOccipitalCortexsuperiordivision_R,Values,1,2,42,63,1429,0.49,0.9947636363636363,ns
LingualGyrus_L,Values,1,2,42,63,1295,0.857,0.9947636363636363,ns
LingualGyrus_R,Values,1,2,42,63,1206,0.446,0.9947636363636363,ns
MiddleFrontalGyrus_L,Values,1,2,42,63,1537,0.163,0.9947636363636363,ns
MiddleFrontalGyrus_R,Values,1,2,42,63,1488,0.282,0.9947636363636363,ns
MiddleTemporalGyrusanteriordivision_L,Values,1,2,42,63,1189,0.383,0.9947636363636363,ns
MiddleTemporalGyrusanteriordivision_R,Values,1,2,42,63,1201,0.427,0.9947636363636363,ns
MiddleTemporalGyrusposteriordivision_L,Values,1,2,42,63,1448,0.415,0.9947636363636363,ns
MiddleTemporalGyrusposteriordivision_R,Values,1,2,42,63,1141,0.235,0.9947636363636363,ns
MiddleTemporalGyrustemporooccipitalpart_L,Values,1,2,42,63,1412,0.563,0.9947636363636363,ns
MiddleTemporalGyrustemporooccipitalpart_R,Values,1,2,42,63,1307,0.919,0.9947636363636363,ns
OccipitalFusiformGyrus_L,Values,1,2,42,63,1399,0.621,0.9947636363636363,ns
OccipitalFusiformGyrus_R,Values,1,2,42,63,1282,0.791,0.9947636363636363,ns
OccipitalPole_L,Values,1,2,42,63,1313,0.95,0.9947636363636363,ns
OccipitalPole_R,Values,1,2,42,63,1282,0.791,0.9947636363636363,ns
Pallidum_L,Values,1,2,42,63,1343,0.899,0.9947636363636363,ns
Pallidum_R,Values,1,2,42,63,1432.5,0.476,0.9947636363636363,ns
ParacingulateGyrus_L,Values,1,2,42,63,1465,0.355,0.9947636363636363,ns
ParacingulateGyrus_R,Values,1,2,42,63,1450,0.408,0.9947636363636363,ns
ParahippocampalGyrusanteriordivision_L,Values,1,2,42,63,1278,0.771,0.9947636363636363,ns
ParahippocampalGyrusanteriordivision_R,Values,1,2,42,63,1346.5,0.88,0.9947636363636363,ns
ParahippocampalGyrusposteriordivision_L,Values,1,2,42,63,1312,0.945,0.9947636363636363,ns
ParahippocampalGyrusposteriordivision_R,Values,1,2,42,63,1143,0.24,0.9947636363636363,ns
ParietalOperculumCortex_L,Values,1,2,42,63,1183,0.362,0.9947636363636363,ns
ParietalOperculumCortex_R,Values,1,2,42,63,1069,0.0973,0.9947636363636363,ns
PlanumPolare_L,Values,1,2,42,63,1368,0.771,0.9947636363636363,ns
PlanumPolare_R,Values,1,2,42,63,1354,0.842,0.9947636363636363,ns
PlanumTemporale_L,Values,1,2,42,63,1359.5,0.814,0.9947636363636363,ns
PlanumTemporale_R,Values,1,2,42,63,1191,0.39,0.9947636363636363,ns
PostcentralGyrus_L,Values,1,2,42,63,1186,0.372,0.9947636363636363,ns
PostcentralGyrus_R,Values,1,2,42,63,1184,0.365,0.9947636363636363,ns
PrecentralGyrus_L,Values,1,2,42,63,1273,0.746,0.9947636363636363,ns
PrecentralGyrus_R,Values,1,2,42,63,1349,0.868,0.9947636363636363,ns
PrecuneousCortex_L,Values,1,2,42,63,1323,1,1,ns
PrecuneousCortex_R,Values,1,2,42,63,1181,0.355,0.9947636363636363,ns
Putamen_L,Values,1,2,42,63,1360,0.811,0.9947636363636363,ns
Putamen_R,Values,1,2,42,63,1514.5,0.212,0.9947636363636363,ns
SubcallosalCortex_L,Values,1,2,42,63,1382.5,0.7,0.9947636363636363,ns
SubcallosalCortex_R,Values,1,2,42,63,1330,0.966,0.9947636363636363,ns
SuperiorFrontalGyrus_L,Values,1,2,42,63,1315.5,0.963,0.9947636363636363,ns
SuperiorFrontalGyrus_R,Values,1,2,42,63,1271,0.736,0.9947636363636363,ns
SuperiorParietalLobule_L,Values,1,2,42,63,1322.5,1,1,ns
SuperiorParietalLobule_R,Values,1,2,42,63,1389,0.668,0.9947636363636363,ns
SuperiorTemporalGyrusanteriordivision_L,Values,1,2,42,63,1280,0.781,0.9947636363636363,ns
SuperiorTemporalGyrusanteriordivision_R,Values,1,2,42,63,1398,0.626,0.9947636363636363,ns
SuperiorTemporalGyrusposteriordivision_L,Values,1,2,42,63,1385.5,0.685,0.9947636363636363,ns
SuperiorTemporalGyrusposteriordivision_R,Values,1,2,42,63,1265,0.707,0.9947636363636363,ns
SupracalcarineCortex_L,Values,1,2,42,63,1305,0.909,0.9947636363636363,ns
SupracalcarineCortex_R,Values,1,2,42,63,1365,0.786,0.9947636363636363,ns
SupramarginalGyrusanteriordivision_L,Values,1,2,42,63,1449,0.412,0.9947636363636363,ns
SupramarginalGyrusanteriordivision_R,Values,1,2,42,63,1341.5,0.906,0.9947636363636363,ns
SupramarginalGyrusposteriordivision_L,Values,1,2,42,63,1525.5,0.186,0.9947636363636363,ns
SupramarginalGyrusposteriordivision_R,Values,1,2,42,63,1491,0.273,0.9947636363636363,ns
TemporalFusiformCortexanteriordivision_L,Values,1,2,42,63,1298,0.873,0.9947636363636363,ns
TemporalFusiformCortexanteriordivision_R,Values,1,2,42,63,1059,0.0848,0.9947636363636363,ns
TemporalFusiformCortexposteriordivision_L,Values,1,2,42,63,1171,0.322,0.9947636363636363,ns
TemporalFusiformCortexposteriordivision_R,Values,1,2,42,63,1254,0.654,0.9947636363636363,ns
TemporalOccipitalFusiformCortex_L,Values,1,2,42,63,1306,0.914,0.9947636363636363,ns
TemporalOccipitalFusiformCortex_R,Values,1,2,42,63,1339.5,0.917,0.9947636363636363,ns
TemporalPole_L,Values,1,2,42,63,1328,0.977,0.9947636363636363,ns
TemporalPole_R,Values,1,2,42,63,1258,0.673,0.9947636363636363,ns
Thalamus_L,Values,1,2,42,63,1568,0.11,0.9947636363636363,ns
Thalamus_R,Values,1,2,42,63,1442,0.438,0.9947636363636363,ns
