Variables,.y.,group1,group2,n1,n2,statistic,p,p.adj,p.adj.signif
Left_Accumbens_area,Values,1,2,42,63,1337.5,0.927,0.9379058823529411,ns
Left_Amygdala,Values,1,2,42,63,1229,0.541,0.81028125,ns
Left_Caudate,Values,1,2,42,63,1241,0.594,0.81028125,ns
Left_Cerebellum_Cortex,Values,1,2,42,63,1219,0.498,0.8074444444444444,ns
Left_Hippocampus,Values,1,2,42,63,1356,0.832,0.8939753086419753,ns
Left_Pallidum,Values,1,2,42,63,1425,0.507,0.8074444444444444,ns
Left_Putamen,Values,1,2,42,63,1462,0.365,0.744,ns
Left_Thalamus_Proper,Values,1,2,42,63,1167,0.309,0.744,ns
Left_VentralDC,Values,1,2,42,63,1345,0.888,0.925277108433735,ns
lh_bankssts,Values,1,2,42,63,1207,0.45,0.789795918367347,ns
lh_caudalanteriorcingulate,Values,1,2,42,63,1186,0.372,0.744,ns
lh_caudalmiddlefrontal,Values,1,2,42,63,1569,0.108,0.744,ns
lh_cuneus,Values,1,2,42,63,1370,0.761,0.8831538461538463,ns
lh_entorhinal,Values,1,2,42,63,1408,0.58,0.81028125,ns
lh_frontalpole,Values,1,2,42,63,1547,0.144,0.744,ns
lh_fusiform,Values,1,2,42,63,1375,0.736,0.8831538461538463,ns
lh_inferiorparietal,Values,1,2,42,63,1466,0.351,0.744,ns
lh_inferiortemporal,Values,1,2,42,63,1176,0.338,0.744,ns
lh_insula,Values,1,2,42,63,1485,0.291,0.744,ns
lh_isthmuscingulate,Values,1,2,42,63,1609,0.0618,0.744,ns
lh_lateraloccipital,Values,1,2,42,63,1479,0.309,0.744,ns
lh_lateralorbitofrontal,Values,1,2,42,63,1450,0.408,0.7797333333333333,ns
lh_lingual,Values,1,2,42,63,1503,0.24,0.744,ns
lh_medialorbitofrontal,Values,1,2,42,63,1735,0.00711,0.61146,ns
lh_middletemporal,Values,1,2,42,63,1140,0.233,0.744,ns
lh_paracentral,Values,1,2,42,63,1210,0.462,0.7905384615384614,ns
lh_parahippocampal,Values,1,2,42,63,1235,0.567,0.81028125,ns
lh_parsopercularis,Values,1,2,42,63,1534,0.169,0.744,ns
lh_parsorbitalis,Values,1,2,42,63,1214,0.478,0.7905384615384614,ns
lh_parstriangularis,Values,1,2,42,63,1377,0.726,0.8831538461538463,ns
lh_pericalcarine,Values,1,2,42,63,1494,0.265,0.744,ns
lh_postcentral,Values,1,2,42,63,1554,0.132,0.744,ns
lh_posteriorcingulate,Values,1,2,42,63,1532,0.173,0.744,ns
lh_precentral,Values,1,2,42,63,1651,0.0322,0.744,ns
lh_precuneus,Values,1,2,42,63,1501,0.246,0.744,ns
lh_rostralanteriorcingulate,Values,1,2,42,63,1268,0.721,0.8831538461538463,ns
lh_rostralmiddlefrontal,Values,1,2,42,63,1497,0.256,0.744,ns
lh_superiorfrontal,Values,1,2,42,63,1158,0.282,0.744,ns
lh_superiorparietal,Values,1,2,42,63,1525,0.188,0.744,ns
lh_superiortemporal,Values,1,2,42,63,1319,0.982,0.982,ns
lh_supramarginal,Values,1,2,42,63,1340,0.914,0.9357619047619047,ns
lh_temporalpole,Values,1,2,42,63,1367,0.776,0.8831538461538463,ns
lh_transversetemporal,Values,1,2,42,63,1292,0.842,0.8939753086419753,ns
rh_bankssts,Values,1,2,42,63,1552,0.135,0.744,ns
rh_caudalanteriorcingulate,Values,1,2,42,63,1397,0.631,0.8348615384615384,ns
rh_caudalmiddlefrontal,Values,1,2,42,63,1545,0.147,0.744,ns
rh_cuneus,Values,1,2,42,63,1461,0.368,0.744,ns
rh_entorhinal,Values,1,2,42,63,1475,0.322,0.744,ns
rh_frontalpole,Values,1,2,42,63,1499,0.251,0.744,ns
rh_fusiform,Values,1,2,42,63,1172,0.325,0.744,ns
rh_inferiorparietal,Values,1,2,42,63,1363,0.796,0.8831538461538463,ns
rh_inferiortemporal,Values,1,2,42,63,1470,0.338,0.744,ns
rh_insula,Values,1,2,42,63,1252,0.645,0.8404545454545455,ns
rh_isthmuscingulate,Values,1,2,42,63,1354,0.842,0.8939753086419753,ns
rh_lateraloccipital,Values,1,2,42,63,1411.5,0.565,0.81028125,ns
rh_lateralorbitofrontal,Values,1,2,42,63,1174,0.331,0.744,ns
rh_lingual,Values,1,2,42,63,1481,0.303,0.744,ns
rh_medialorbitofrontal,Values,1,2,42,63,1445,0.427,0.7813191489361702,ns
rh_middletemporal,Values,1,2,42,63,1511.5,0.219,0.744,ns
rh_paracentral,Values,1,2,42,63,1413,0.558,0.81028125,ns
rh_parahippocampal,Values,1,2,42,63,1403,0.603,0.81028125,ns
rh_parsopercularis,Values,1,2,42,63,1230,0.545,0.81028125,ns
rh_parsorbitalis,Values,1,2,42,63,1625,0.0486,0.744,ns
rh_parstriangularis,Values,1,2,42,63,1284,0.801,0.8831538461538463,ns
rh_pericalcarine,Values,1,2,42,63,1344,0.893,0.925277108433735,ns
rh_postcentral,Values,1,2,42,63,1450,0.408,0.7797333333333333,ns
rh_posteriorcingulate,Values,1,2,42,63,1561,0.12,0.744,ns
rh_precentral,Values,1,2,42,63,1446,0.423,0.7813191489361702,ns
rh_precuneus,Values,1,2,42,63,1389,0.668,0.8448235294117648,ns
rh_rostralanteriorcingulate,Values,1,2,42,63,1204,0.438,0.7847500000000001,ns
rh_rostralmiddlefrontal,Values,1,2,42,63,1403,0.603,0.81028125,ns
rh_superiorfrontal,Values,1,2,42,63,1061,0.0872,0.744,ns
rh_superiorparietal,Values,1,2,42,63,1124,0.194,0.744,ns
rh_superiortemporal,Values,1,2,42,63,1538,0.161,0.744,ns
rh_supramarginal,Values,1,2,42,63,1362,0.801,0.8831538461538463,ns
rh_temporalpole,Values,1,2,42,63,1581,0.0921,0.744,ns
rh_transversetemporal,Values,1,2,42,63,1278,0.771,0.8831538461538463,ns
Right_Accumbens_area,Values,1,2,42,63,1391,0.659,0.8448235294117648,ns
Right_Amygdala,Values,1,2,42,63,1475,0.322,0.744,ns
Right_Caudate,Values,1,2,42,63,1368,0.771,0.8831538461538463,ns
Right_Cerebellum_Cortex,Values,1,2,42,63,1626,0.0479,0.744,ns
Right_Hippocampus,Values,1,2,42,63,1156,0.276,0.744,ns
Right_Pallidum,Values,1,2,42,63,1607,0.0637,0.744,ns
Right_Putamen,Values,1,2,42,63,1236,0.572,0.81028125,ns
Right_Thalamus_Proper,Values,1,2,42,63,1182,0.358,0.744,ns
Right_VentralDC,Values,1,2,42,63,1214,0.478,0.7905384615384614,ns
