Clinicals,a
ccqg.score,0.8982777777777777
ccqn.score,0.8982777777777777
BIS_cog,0.8982777777777777
BIS_mot,0.8982777777777777
BIS_nonp,0.8982777777777777
BIS_tot_score,0.8982777777777777
ASIP_medical,0.8982777777777777
ASIP_employment,0.917
ASIP_alcohol_use,0.8982777777777777
ASIP_drugs_use,0.8982777777777777
ASIP_family_social,0.8982777777777777
ASIP_psychiatric,0.8982777777777777
WHODAS_TOTAL,0.8982777777777777
WHODAS_TUC,0.8982777777777777
WHODAS_TGA,0.8982777777777777
WHODAS_TSC,0.8982777777777777
WHODAS_TGAP,0.8982777777777777
WHODAS_TLA,0.8982777777777777
WHODAS_TPS,0.8982777777777777
