struc_names,z_stat,p_value,p_fdr
FrontalPole_R,-0.4103959295450249,0.6849,0.9959917525773195
FrontalPole_L,-0.5412235965938196,0.5932,0.9959917525773195
InsularCortex_R,-1.2421333353059887,0.2057,0.9959917525773195
InsularCortex_L,-9.470521481313354e-4,0.9996,0.9996
SuperiorFrontalGyrus_R,0.9847173883866138,0.3258,0.9959917525773195
SuperiorFrontalGyrus_L,0.18304767015302456,0.8597,0.9959917525773195
MiddleFrontalGyrus_R,0.4791941087566905,0.6355,0.9959917525773195
MiddleFrontalGyrus_L,-0.17686609913018922,0.8603,0.9959917525773195
InferiorFrontalGyrusparstriangularis_R,-0.3467905842936841,0.7301,0.9959917525773195
InferiorFrontalGyrusparstriangularis_L,-0.021413619465810815,0.9818,0.9980108108108107
InferiorFrontalGyrusparsopercularis_R,-0.17488690134539833,0.8596,0.9959917525773195
InferiorFrontalGyrusparsopercularis_L,-0.8186663657386184,0.4182,0.9959917525773195
PrecentralGyrus_R,-0.22381569860152425,0.8226,0.9959917525773195
PrecentralGyrus_L,-0.5905739917947491,0.5598,0.9959917525773195
TemporalPole_R,-0.972648228212509,0.3303,0.9959917525773195
TemporalPole_L,-0.420508501377751,0.6726,0.9959917525773195
SuperiorTemporalGyrusanteriordivision_R,0.9390789632983558,0.3741,0.9959917525773195
SuperiorTemporalGyrusanteriordivision_L,0.3199977485750227,0.7833,0.9959917525773195
SuperiorTemporalGyrusposteriordivision_R,0.27060769840263155,0.792,0.9959917525773195
SuperiorTemporalGyrusposteriordivision_L,0.06546098965995893,0.9474,0.9975259259259258
MiddleTemporalGyrusanteriordivision_R,0.42528241365460345,0.678,0.9959917525773195
MiddleTemporalGyrusanteriordivision_L,0.7896569254081125,0.4334,0.9959917525773195
MiddleTemporalGyrusposteriordivision_R,2.9117550824918625,0.0029,0.1736
MiddleTemporalGyrusposteriordivision_L,0.48288935806744804,0.6292,0.9959917525773195
MiddleTemporalGyrustemporooccipitalpart_R,0.4914525787806102,0.6243,0.9959917525773195
MiddleTemporalGyrustemporooccipitalpart_L,0.20006833965698548,0.8391,0.9959917525773195
InferiorTemporalGyrusanteriordivision_R,0.03786125259887203,0.9711,0.9978275229357798
InferiorTemporalGyrusanteriordivision_L,-0.7268035982836591,0.4709,0.9959917525773195
InferiorTemporalGyrusposteriordivision_R,0.9294991127199345,0.3598,0.9959917525773195
InferiorTemporalGyrusposteriordivision_L,1.0883678607446208,0.2835,0.9959917525773195
InferiorTemporalGyrustemporooccipitalpart_R,0.0827070859562188,0.933,0.9975259259259258
InferiorTemporalGyrustemporooccipitalpart_L,0.39422760724379863,0.6962,0.9959917525773195
PostcentralGyrus_R,0.32471642039620174,0.7449,0.9959917525773195
PostcentralGyrus_L,0.7983392270580671,0.419,0.9959917525773195
SuperiorParietalLobule_R,1.2629367417520696,0.2102,0.9959917525773195
SuperiorParietalLobule_L,0.6370556285808544,0.5307,0.9959917525773195
SupramarginalGyrusanteriordivision_R,-0.9893424765382532,0.3369,0.9959917525773195
SupramarginalGyrusanteriordivision_L,0.693187384356942,0.4899,0.9959917525773195
SupramarginalGyrusposteriordivision_R,-1.102251804374004,0.2772,0.9959917525773195
SupramarginalGyrusposteriordivision_L,0.13624366428752843,0.8907,0.9975259259259258
AngularGyrus_R,-1.1443583087563787,0.2615,0.9959917525773195
AngularGyrus_L,-0.7834923959565689,0.429,0.9959917525773195
LateralOccipitalCortexsuperiordivision_R,-0.07501229851583051,0.9406,0.9975259259259258
LateralOccipitalCortexsuperiordivision_L,-0.42472925636573,0.6815,0.9959917525773195
LateralOccipitalCortexinferiordivision_R,-0.48186019663501467,0.6436,0.9959917525773195
LateralOccipitalCortexinferiordivision_L,0.4811002300156127,0.6314,0.9959917525773195
IntracalcarineCortex_R,-0.21345752823497108,0.8266,0.9959917525773195
IntracalcarineCortex_L,1.0946564996690107,0.2765,0.9959917525773195
FrontalMedialCortex_R,1.2492008996337205,0.2084,0.9959917525773195
FrontalMedialCortex_L,1.6081780631041847,0.1043,0.9959917525773195
JuxtapositionalLobuleCortex_R,0.540552976231983,0.5914,0.9959917525773195
JuxtapositionalLobuleCortex_L,-0.3100895076943474,0.76,0.9959917525773195
SubcallosalCortex_R,-0.6259206459372285,0.5363,0.9959917525773195
SubcallosalCortex_L,-1.2138279618192214,0.2261,0.9959917525773195
ParacingulateGyrus_R,-0.9095273864617066,0.3712,0.9959917525773195
ParacingulateGyrus_L,-1.4896527315188217,0.1336,0.9959917525773195
CingulateGyrusanteriordivision_R,0.22512460028706266,0.8258,0.9959917525773195
CingulateGyrusanteriordivision_L,-1.446973766586923,0.1476,0.9959917525773195
CingulateGyrusposteriordivision_R,-1.2999683585181825,0.1947,0.9959917525773195
CingulateGyrusposteriordivision_L,-1.2591839144433719,0.2092,0.9959917525773195
PrecuneousCortex_R,0.5243336011166443,0.6034,0.9959917525773195
PrecuneousCortex_L,-0.3887136259893194,0.7007,0.9959917525773195
CunealCortex_R,1.2708455423899436,0.1999,0.9959917525773195
CunealCortex_L,1.7107187276086733,0.0858,0.9959917525773195
FrontalOrbitalCortex_R,-0.2107296573342915,0.8328,0.9959917525773195
FrontalOrbitalCortex_L,-0.3565338615648637,0.7206,0.9959917525773195
ParahippocampalGyrusanteriordivision_R,-0.04990094675097338,0.9603,0.9975259259259258
ParahippocampalGyrusanteriordivision_L,-0.8552318030281577,0.3975,0.9959917525773195
ParahippocampalGyrusposteriordivision_R,-0.8139519059995475,0.4227,0.9959917525773195
ParahippocampalGyrusposteriordivision_L,-2.9042595874457064,0.0031,0.1736
LingualGyrus_R,-0.3249709250977463,0.7465,0.9959917525773195
LingualGyrus_L,-0.47656867377975076,0.6365,0.9959917525773195
TemporalFusiformCortexanteriordivision_R,-0.013350612563776497,0.9891,0.9980108108108107
TemporalFusiformCortexanteriordivision_L,0.6511626684264679,0.5288,0.9959917525773195
TemporalFusiformCortexposteriordivision_R,0.07466597808888663,0.9398,0.9975259259259258
TemporalFusiformCortexposteriordivision_L,0.6095606888665641,0.5491,0.9959917525773195
TemporalOccipitalFusiformCortex_R,-0.2287804501964005,0.8164,0.9959917525773195
TemporalOccipitalFusiformCortex_L,-0.33825057455237734,0.7485,0.9959917525773195
OccipitalFusiformGyrus_R,-1.7454160669292074,0.0788,0.9959917525773195
OccipitalFusiformGyrus_L,-0.3102982451314358,0.7602,0.9959917525773195
FrontalOperculumCortex_R,-0.4830747115075435,0.6342,0.9959917525773195
FrontalOperculumCortex_L,0.691079426404786,0.4958,0.9959917525773195
CentralOpercularCortex_R,-0.2558720509658452,0.7964,0.9959917525773195
CentralOpercularCortex_L,0.07518594679080112,0.9403,0.9975259259259258
ParietalOperculumCortex_R,-0.7309094696172406,0.4675,0.9959917525773195
ParietalOperculumCortex_L,-0.7285625101985462,0.477,0.9959917525773195
PlanumPolare_R,-1.2379644479854142,0.2233,0.9959917525773195
PlanumPolare_L,-1.0191668490151427,0.3173,0.9959917525773195
HeschlsGyrus_R,-1.1494322967343855,0.2524,0.9959917525773195
HeschlsGyrus_L,-2.2926747740029634,0.0192,0.5572
PlanumTemporale_R,-0.9943613597364447,0.3205,0.9959917525773195
PlanumTemporale_L,-0.8481705864829964,0.4019,0.9959917525773195
SupracalcarineCortex_R,1.9034088456174427,0.0565,0.9959917525773195
SupracalcarineCortex_L,0.6821942712471223,0.4977,0.9959917525773195
OccipitalPole_R,-0.6053138206817534,0.5443,0.9959917525773195
OccipitalPole_L,0.24742726853607197,0.8054,0.9959917525773195
Brain_Stem_R,-1.7410754404050193,0.0825,0.9959917525773195
Brain_Stem_L,-2.28953707845276,0.0199,0.5572
Thalamus_R,-0.17171878377492233,0.8626,0.9959917525773195
Thalamus_L,0.49010851419570134,0.6281,0.9959917525773195
Caudate_R,0.12100521397423948,0.9061,0.9975259259259258
Caudate_L,0.6367279837721361,0.5283,0.9959917525773195
Putamen_R,-0.4025356785428034,0.6926,0.9959917525773195
Putamen_L,-0.08365826387539424,0.9351,0.9975259259259258
Pallidum_R,-0.4809725807077858,0.6399,0.9959917525773195
Pallidum_L,-0.4153465195736222,0.6809,0.9959917525773195
Hippocampus_R,2.1496198869655165,0.0312,0.69888
Hippocampus_L,0.5573232551463262,0.5702,0.9959917525773195
Amygdala_R,1.4886115551283394,0.1358,0.9959917525773195
Amygdala_L,0.8194271743402263,0.418,0.9959917525773195
Accumbens_R,0.05112429526629135,0.9619,0.9975259259259258
Accumbens_L,-0.07398218621521462,0.9428,0.9975259259259258
