variable,statistic,p.value,Regions
.,0.9787499226643509,0.08993035547100713,FrontalPole_R
.,0.9899204078438215,0.6246813470374543,FrontalPole_L
.,0.9773262161861583,0.0687154069750961,InsularCortex_R
.,0.7729632428445261,1.9218745537626823e-11,InsularCortex_L
.,0.9888842430778414,0.5398874934408822,SuperiorFrontalGyrus_R
.,0.9876524021971431,0.44685228073519384,SuperiorFrontalGyrus_L
.,0.8841005476398585,1.573785711004833e-7,MiddleFrontalGyrus_R
.,0.9447477207751043,2.6353872332743854e-4,MiddleFrontalGyrus_L
.,0.9227161855572571,1.2598888599494388e-5,InferiorFrontalGyrusparstriangularis_R
.,0.9617648447401859,0.0040518101354838415,InferiorFrontalGyrusparstriangularis_L
.,0.9866210288894204,0.37749873721421606,InferiorFrontalGyrusparsopercularis_R
.,0.9753618932391084,0.04743674337035271,InferiorFrontalGyrusparsopercularis_L
.,0.966858215680441,0.00991006130902634,PrecentralGyrus_R
.,0.9891958470793548,0.5648957695233641,PrecentralGyrus_L
.,0.9753425290314136,0.04726419150995372,TemporalPole_R
.,0.9907981788957902,0.698627620245586,TemporalPole_L
.,0.7013922681894222,2.609398586920459e-13,SuperiorTemporalGyrusanteriordivision_R
.,0.6746408447360894,6.29981884403116e-14,SuperiorTemporalGyrusanteriordivision_L
.,0.9360463761119232,7.474842230008091e-5,SuperiorTemporalGyrusposteriordivision_R
.,0.9290516304254813,2.8758530260008274e-5,SuperiorTemporalGyrusposteriordivision_L
.,0.891604608150781,3.4261943258712934e-7,MiddleTemporalGyrusanteriordivision_R
.,0.7594928413010502,8.019006152546093e-12,MiddleTemporalGyrusanteriordivision_L
.,0.9837430855450007,0.2280074982760845,MiddleTemporalGyrusposteriordivision_R
.,0.988211404899787,0.4878066662426487,MiddleTemporalGyrusposteriordivision_L
.,0.9829022983102804,0.19556047799546214,MiddleTemporalGyrustemporooccipitalpart_R
.,0.9755694879645542,0.04932732244985718,MiddleTemporalGyrustemporooccipitalpart_L
.,0.8995869300788354,8.119230843907491e-7,InferiorTemporalGyrusanteriordivision_R
.,0.9036974883843282,1.285687491546422e-6,InferiorTemporalGyrusanteriordivision_L
.,0.9442778969973589,2.4566611091068826e-4,InferiorTemporalGyrusposteriordivision_R
.,0.8234979388212581,7.244629622591172e-10,InferiorTemporalGyrusposteriordivision_L
.,0.9630114395371266,0.0050266041187818095,InferiorTemporalGyrustemporooccipitalpart_R
.,0.9120791982621582,3.400111316054282e-6,InferiorTemporalGyrustemporooccipitalpart_L
.,0.9534498920105061,0.0010163777708466016,PostcentralGyrus_R
.,0.978551395947062,0.08661980734858767,PostcentralGyrus_L
.,0.9601255425743102,0.0030617050264175,SuperiorParietalLobule_R
.,0.9640987091919816,0.0060771751382933375,SuperiorParietalLobule_L
.,0.7904251779687285,6.298183530768203e-11,SupramarginalGyrusanteriordivision_R
.,0.9445930929427092,2.575099984636893e-4,SupramarginalGyrusanteriordivision_L
.,0.8977984563192786,6.669793182881245e-7,SupramarginalGyrusposteriordivision_R
.,0.9828111037363226,0.1923091261999179,SupramarginalGyrusposteriordivision_L
.,0.9600770405437445,0.0030366016766787594,AngularGyrus_R
.,0.9349816409715384,6.442924618217728e-5,AngularGyrus_L
.,0.9836031875282921,0.222289472290152,LateralOccipitalCortexsuperiordivision_R
.,0.9934064409683541,0.8964953987124047,LateralOccipitalCortexsuperiordivision_L
.,0.9228404621746088,1.2800152320308315e-5,LateralOccipitalCortexinferiordivision_R
.,0.8675844494129217,3.13869167785447e-8,LateralOccipitalCortexinferiordivision_L
.,0.923195963562144,1.339479131363331e-5,IntracalcarineCortex_R
.,0.9655571070627139,0.007859219716278244,IntracalcarineCortex_L
.,0.9667260489485541,0.009678373128783172,FrontalMedialCortex_R
.,0.9834883978934715,0.2176950600679982,FrontalMedialCortex_L
.,0.92208818981269,1.1631592324615211e-5,JuxtapositionalLobuleCortex_R
.,0.8078970902424251,2.211156974381822e-10,JuxtapositionalLobuleCortex_L
.,0.9879456861595561,0.468059581872617,SubcallosalCortex_R
.,0.9698843354546728,0.017140063747178472,SubcallosalCortex_L
.,0.9520522781817398,8.129962421723302e-4,ParacingulateGyrus_R
.,0.8557516032793786,1.065007957731846e-8,ParacingulateGyrus_L
.,0.9871892736728959,0.41468119761245964,CingulateGyrusanteriordivision_R
.,0.9796544319632744,0.10667011579772516,CingulateGyrusanteriordivision_L
.,0.9232295106247244,1.3452387142122379e-5,CingulateGyrusposteriordivision_R
.,0.9633725756345062,0.005352709011229134,CingulateGyrusposteriordivision_L
.,0.9928540544922048,0.8605699704013211,PrecuneousCortex_R
.,0.9807070256934647,0.13002478473258214,PrecuneousCortex_L
.,0.9810660542623326,0.13907346887962785,CunealCortex_R
.,0.9355074399560988,6.932356722499027e-5,CunealCortex_L
.,0.9930672919296446,0.8749831975088711,FrontalOrbitalCortex_R
.,0.9848003748398677,0.2756388780122925,FrontalOrbitalCortex_L
.,0.9940935085161108,0.9340428831919055,ParahippocampalGyrusanteriordivision_R
.,0.9618375365768197,0.004102822661456748,ParahippocampalGyrusanteriordivision_L
.,0.9865618887842541,0.37377665549590794,ParahippocampalGyrusposteriordivision_R
.,0.9916597244864951,0.7700819793563264,ParahippocampalGyrusposteriordivision_L
.,0.9730906799514183,0.030995058521687685,LingualGyrus_R
.,0.981847134417518,0.16089489026754086,LingualGyrus_L
.,0.8567823468403832,1.1675312265257467e-8,TemporalFusiformCortexanteriordivision_R
.,0.9407829400222849,1.4687637853801145e-4,TemporalFusiformCortexanteriordivision_L
.,0.971929984975224,0.02498056877367235,TemporalFusiformCortexposteriordivision_R
.,0.9105113084017774,2.8238884510913456e-6,TemporalFusiformCortexposteriordivision_L
.,0.9642070440075481,0.0061937513530685995,TemporalOccipitalFusiformCortex_R
.,0.8562927673192594,1.1176020729664927e-8,TemporalOccipitalFusiformCortex_L
.,0.9710973680692698,0.0214175528544511,OccipitalFusiformGyrus_R
.,0.8922884164631382,3.683603639275384e-7,OccipitalFusiformGyrus_L
.,0.8950263957315929,4.936492403345354e-7,FrontalOperculumCortex_R
.,0.9251840769705156,1.7302257679625797e-5,FrontalOperculumCortex_L
.,0.9927747206872259,0.8550465334796773,CentralOpercularCortex_R
.,0.9858016073159224,0.32842050493615704,CentralOpercularCortex_L
.,0.9333904918734035,5.171351283112334e-5,ParietalOperculumCortex_R
.,0.9616477951600929,0.003971060058589453,ParietalOperculumCortex_L
.,0.9863197025761832,0.3588265332455467,PlanumPolare_R
.,0.9786885359449572,0.08889349564906282,PlanumPolare_L
.,0.9747020527727294,0.041902969400290216,HeschlsGyrus_R
.,0.9143896748162083,4.485140334833884e-6,HeschlsGyrus_L
.,0.9837888297073839,0.22990579290153396,PlanumTemporale_R
.,0.9336961435450728,5.3933525132039294e-5,PlanumTemporale_L
.,0.7756160291820673,2.2923089751771348e-11,SupracalcarineCortex_R
.,0.8817725442225197,1.243851166940127e-7,SupracalcarineCortex_L
.,0.9940280124207673,0.9308387638431641,OccipitalPole_R
.,0.9904089426408661,0.6657857008176378,OccipitalPole_L
.,0.9884198589326385,0.503636085463823,Brain_Stem_R
.,0.9856611205232214,0.32054367665167793,Brain_Stem_L
.,0.9817384013716266,0.15767241979829835,Thalamus_R
.,0.9829445140196504,0.19708276059470448,Thalamus_L
.,0.9746476712448638,0.041477326070772196,Caudate_R
.,0.9665071602399291,0.00930699308315291,Caudate_L
.,0.9783860987146381,0.08395601881182785,Putamen_R
.,0.9906528059016143,0.6863718227267115,Putamen_L
.,0.9800759433395427,0.11548440213421746,Pallidum_R
.,0.9293175271490711,2.9795987334217593e-5,Pallidum_L
.,0.992230128261101,0.8150582143652028,Hippocampus_R
.,0.9818228517574007,0.1601698567676632,Hippocampus_L
.,0.8955859039781667,5.243678461186748e-7,Amygdala_R
.,0.8773540147821153,8.018489012865746e-8,Amygdala_L
.,0.9708717128168367,0.020545390697825433,Accumbens_R
.,0.9548281570053868,0.0012699270312858308,Accumbens_L
