Variables,.y.,group1,group2,n1,n2,statistic,p,p.adj,p.adj.signif
Accumbens_L,Values,1,2,42,63,1355,0.837,1,ns
Accumbens_R,Values,1,2,42,63,1240,0.589,0.9742465753424657,ns
Amygdala_L,Values,1,2,42,63,1189,0.383,0.966608695652174,ns
Amygdala_R,Values,1,2,42,63,1109,0.163,0.966608695652174,ns
AngularGyrus_L,Values,1,2,42,63,1444,0.431,0.9742465753424657,ns
AngularGyrus_R,Values,1,2,42,63,1499,0.251,0.966608695652174,ns
Brain_Stem_L,Values,1,2,42,63,1699,0.014,0.5226666666666667,ns
Brain_Stem_R,Values,1,2,42,63,1632,0.0436,0.966608695652174,ns
Caudate_L,Values,1,2,42,63,1297,0.868,1,ns
Caudate_R,Values,1,2,42,63,1318,0.977,1,ns
CentralOpercularCortex_L,Values,1,2,42,63,1303,0.899,1,ns
CentralOpercularCortex_R,Values,1,2,42,63,1397,0.631,0.9742465753424657,ns
CingulateGyrusanteriordivision_L,Values,1,2,42,63,1535,0.167,0.966608695652174,ns
CingulateGyrusanteriordivision_R,Values,1,2,42,63,1272,0.741,1,ns
CingulateGyrusposteriordivision_L,Values,1,2,42,63,1511,0.22,0.966608695652174,ns
CingulateGyrusposteriordivision_R,Values,1,2,42,63,1467,0.348,0.966608695652174,ns
CunealCortex_L,Values,1,2,42,63,1129,0.206,0.966608695652174,ns
CunealCortex_R,Values,1,2,42,63,1132,0.213,0.966608695652174,ns
FrontalMedialCortex_L,Values,1,2,42,63,1123,0.192,0.966608695652174,ns
FrontalMedialCortex_R,Values,1,2,42,63,1173,0.328,0.966608695652174,ns
FrontalOperculumCortex_L,Values,1,2,42,63,1047,0.0715,0.966608695652174,ns
FrontalOperculumCortex_R,Values,1,2,42,63,1445,0.427,0.9742465753424657,ns
FrontalOrbitalCortex_L,Values,1,2,42,63,1476,0.319,0.966608695652174,ns
FrontalOrbitalCortex_R,Values,1,2,42,63,1404,0.599,0.9742465753424657,ns
FrontalPole_L,Values,1,2,42,63,1364,0.791,1,ns
FrontalPole_R,Values,1,2,42,63,1341,0.909,1,ns
HeschlsGyrus_L,Values,1,2,42,63,1567,0.111,0.966608695652174,ns
HeschlsGyrus_R,Values,1,2,42,63,1431,0.482,0.9742465753424657,ns
Hippocampus_L,Values,1,2,42,63,1245,0.612,0.9742465753424657,ns
Hippocampus_R,Values,1,2,42,63,1024,0.0509,0.966608695652174,ns
InferiorFrontalGyrusparsopercularis_L,Values,1,2,42,63,1477,0.315,0.966608695652174,ns
InferiorFrontalGyrusparsopercularis_R,Values,1,2,42,63,1322,0.997,1,ns
InferiorFrontalGyrusparstriangularis_L,Values,1,2,42,63,1406,0.589,0.9742465753424657,ns
InferiorFrontalGyrusparstriangularis_R,Values,1,2,42,63,1454,0.393,0.966608695652174,ns
InferiorTemporalGyrusanteriordivision_L,Values,1,2,42,63,1416,0.545,0.9742465753424657,ns
InferiorTemporalGyrusanteriordivision_R,Values,1,2,42,63,1383,0.697,1,ns
InferiorTemporalGyrusposteriordivision_L,Values,1,2,42,63,1187,0.375,0.966608695652174,ns
InferiorTemporalGyrusposteriordivision_R,Values,1,2,42,63,1271,0.736,1,ns
InferiorTemporalGyrustemporooccipitalpart_L,Values,1,2,42,63,1401,0.612,0.9742465753424657,ns
InferiorTemporalGyrustemporooccipitalpart_R,Values,1,2,42,63,1314,0.956,1,ns
InsularCortex_L,Values,1,2,42,63,1342,0.904,1,ns
InsularCortex_R,Values,1,2,42,63,1511,0.22,0.966608695652174,ns
IntracalcarineCortex_L,Values,1,2,42,63,1156,0.276,0.966608695652174,ns
IntracalcarineCortex_R,Values,1,2,42,63,1309,0.93,1,ns
JuxtapositionalLobuleCortex_L,Values,1,2,42,63,1309,0.93,1,ns
JuxtapositionalLobuleCortex_R,Values,1,2,42,63,1260,0.683,1,ns
LateralOccipitalCortexinferiordivision_L,Values,1,2,42,63,1235,0.567,0.9742465753424657,ns
LateralOccipitalCortexinferiordivision_R,Values,1,2,42,63,1409,0.576,0.9742465753424657,ns
LateralOccipitalCortexsuperiordivision_L,Values,1,2,42,63,1389,0.668,1,ns
LateralOccipitalCortexsuperiordivision_R,Values,1,2,42,63,1349,0.868,1,ns
LingualGyrus_L,Values,1,2,42,63,1458,0.379,0.966608695652174,ns
LingualGyrus_R,Values,1,2,42,63,1415,0.55,0.9742465753424657,ns
MiddleFrontalGyrus_L,Values,1,2,42,63,1315,0.961,1,ns
MiddleFrontalGyrus_R,Values,1,2,42,63,1213,0.474,0.9742465753424657,ns
MiddleTemporalGyrusanteriordivision_L,Values,1,2,42,63,1225,0.524,0.9742465753424657,ns
MiddleTemporalGyrusanteriordivision_R,Values,1,2,42,63,1325,0.992,1,ns
MiddleTemporalGyrusposteriordivision_L,Values,1,2,42,63,1308,0.924,1,ns
MiddleTemporalGyrusposteriordivision_R,Values,1,2,42,63,901,0.00583,0.32648,ns
MiddleTemporalGyrustemporooccipitalpart_L,Values,1,2,42,63,1304,0.904,1,ns
MiddleTemporalGyrustemporooccipitalpart_R,Values,1,2,42,63,1201,0.427,0.9742465753424657,ns
OccipitalFusiformGyrus_L,Values,1,2,42,63,1457,0.383,0.966608695652174,ns
OccipitalFusiformGyrus_R,Values,1,2,42,63,1602,0.0685,0.966608695652174,ns
OccipitalPole_L,Values,1,2,42,63,1337,0.93,1,ns
OccipitalPole_R,Values,1,2,42,63,1453,0.397,0.966608695652174,ns
Pallidum_L,Values,1,2,42,63,1326,0.987,1,ns
Pallidum_R,Values,1,2,42,63,1364,0.791,1,ns
ParacingulateGyrus_L,Values,1,2,42,63,1503,0.24,0.966608695652174,ns
ParacingulateGyrus_R,Values,1,2,42,63,1413,0.558,0.9742465753424657,ns
ParahippocampalGyrusanteriordivision_L,Values,1,2,42,63,1460,0.372,0.966608695652174,ns
ParahippocampalGyrusanteriordivision_R,Values,1,2,42,63,1329,0.971,1,ns
ParahippocampalGyrusposteriordivision_L,Values,1,2,42,63,1770,0.00349,0.32648,ns
ParahippocampalGyrusposteriordivision_R,Values,1,2,42,63,1470,0.338,0.966608695652174,ns
ParietalOperculumCortex_L,Values,1,2,42,63,1481,0.303,0.966608695652174,ns
ParietalOperculumCortex_R,Values,1,2,42,63,1366,0.781,1,ns
PlanumPolare_L,Values,1,2,42,63,1482,0.3,0.966608695652174,ns
PlanumPolare_R,Values,1,2,42,63,1508,0.228,0.966608695652174,ns
PlanumTemporale_L,Values,1,2,42,63,1354,0.842,1,ns
PlanumTemporale_R,Values,1,2,42,63,1493,0.268,0.966608695652174,ns
PostcentralGyrus_L,Values,1,2,42,63,1165,0.303,0.966608695652174,ns
PostcentralGyrus_R,Values,1,2,42,63,1282,0.791,1,ns
PrecentralGyrus_L,Values,1,2,42,63,1396,0.635,0.9742465753424657,ns
PrecentralGyrus_R,Values,1,2,42,63,1378,0.721,1,ns
PrecuneousCortex_L,Values,1,2,42,63,1323,1,1,ns
PrecuneousCortex_R,Values,1,2,42,63,1190,0.386,0.966608695652174,ns
Putamen_L,Values,1,2,42,63,1302,0.893,1,ns
Putamen_R,Values,1,2,42,63,1338,0.924,1,ns
SubcallosalCortex_L,Values,1,2,42,63,1529,0.179,0.966608695652174,ns
SubcallosalCortex_R,Values,1,2,42,63,1461,0.368,0.966608695652174,ns
SuperiorFrontalGyrus_L,Values,1,2,42,63,1336,0.935,1,ns
SuperiorFrontalGyrus_R,Values,1,2,42,63,1174,0.331,0.966608695652174,ns
SuperiorParietalLobule_L,Values,1,2,42,63,1230,0.545,0.9742465753424657,ns
SuperiorParietalLobule_R,Values,1,2,42,63,1142,0.238,0.966608695652174,ns
SuperiorTemporalGyrusanteriordivision_L,Values,1,2,42,63,1403,0.603,0.9742465753424657,ns
SuperiorTemporalGyrusanteriordivision_R,Values,1,2,42,63,1304,0.904,1,ns
SuperiorTemporalGyrusposteriordivision_L,Values,1,2,42,63,1397,0.631,0.9742465753424657,ns
SuperiorTemporalGyrusposteriordivision_R,Values,1,2,42,63,1212,0.47,0.9742465753424657,ns
SupracalcarineCortex_L,Values,1,2,42,63,1180,0.351,0.966608695652174,ns
SupracalcarineCortex_R,Values,1,2,42,63,1068,0.096,0.966608695652174,ns
SupramarginalGyrusanteriordivision_L,Values,1,2,42,63,1244,0.608,0.9742465753424657,ns
SupramarginalGyrusanteriordivision_R,Values,1,2,42,63,1319,0.982,1,ns
SupramarginalGyrusposteriordivision_L,Values,1,2,42,63,1385,0.687,1,ns
SupramarginalGyrusposteriordivision_R,Values,1,2,42,63,1378,0.721,1,ns
TemporalFusiformCortexanteriordivision_L,Values,1,2,42,63,1238,0.58,0.9742465753424657,ns
TemporalFusiformCortexanteriordivision_R,Values,1,2,42,63,1411.5,0.565,0.9742465753424657,ns
TemporalFusiformCortexposteriordivision_L,Values,1,2,42,63,1311,0.94,1,ns
TemporalFusiformCortexposteriordivision_R,Values,1,2,42,63,1417,0.541,0.9742465753424657,ns
TemporalOccipitalFusiformCortex_L,Values,1,2,42,63,1518,0.203,0.966608695652174,ns
TemporalOccipitalFusiformCortex_R,Values,1,2,42,63,1472,0.331,0.966608695652174,ns
TemporalPole_L,Values,1,2,42,63,1461,0.368,0.966608695652174,ns
TemporalPole_R,Values,1,2,42,63,1493,0.268,0.966608695652174,ns
Thalamus_L,Values,1,2,42,63,1219,0.498,0.9742465753424657,ns
Thalamus_R,Values,1,2,42,63,1366,0.781,1,ns
