Variables,.y.,group1,group2,n1,n2,statistic,p,p.adj,p.adj.signif
Left_Accumbens_area,Values,1,2,42,63,1325,0.992,0.992,ns
Left_Amygdala,Values,1,2,42,63,1209,0.458,0.9277575757575757,ns
Left_Caudate,Values,1,2,42,63,1605,0.0656,0.86,ns
Left_Cerebellum_Cortex,Values,1,2,42,63,1381.5,0.704,0.9277575757575757,ns
Left_Hippocampus,Values,1,2,42,63,1131.5,0.212,0.86,ns
Left_Pallidum,Values,1,2,42,63,1466,0.351,0.9277575757575757,ns
Left_Putamen,Values,1,2,42,63,1494.5,0.263,0.86,ns
Left_Thalamus_Proper,Values,1,2,42,63,1518.5,0.202,0.86,ns
Left_VentralDC,Values,1,2,42,63,1467.5,0.346,0.9277575757575757,ns
lh_bankssts,Values,1,2,42,63,1234.5,0.565,0.9277575757575757,ns
lh_caudalanteriorcingulate,Values,1,2,42,63,1143,0.24,0.86,ns
lh_caudalmiddlefrontal,Values,1,2,42,63,1342,0.904,0.977175,ns
lh_cuneus,Values,1,2,42,63,1228,0.536,0.9277575757575757,ns
lh_entorhinal,Values,1,2,42,63,1303.5,0.901,0.977175,ns
lh_frontalpole,Values,1,2,42,63,1437.5,0.456,0.9277575757575757,ns
lh_fusiform,Values,1,2,42,63,1106,0.157,0.86,ns
lh_inferiorparietal,Values,1,2,42,63,1245,0.612,0.9277575757575757,ns
lh_inferiortemporal,Values,1,2,42,63,1150,0.259,0.86,ns
lh_insula,Values,1,2,42,63,1270.5,0.734,0.9421492537313432,ns
lh_isthmuscingulate,Values,1,2,42,63,1417.5,0.539,0.9277575757575757,ns
lh_lateraloccipital,Values,1,2,42,63,1141.5,0.236,0.86,ns
lh_lateralorbitofrontal,Values,1,2,42,63,1440,0.446,0.9277575757575757,ns
lh_lingual,Values,1,2,42,63,1214.5,0.48,0.9277575757575757,ns
lh_medialorbitofrontal,Values,1,2,42,63,1403.5,0.601,0.9277575757575757,ns
lh_middletemporal,Values,1,2,42,63,1175,0.335,0.9277575757575757,ns
lh_paracentral,Values,1,2,42,63,1056,0.0813,0.86,ns
lh_parahippocampal,Values,1,2,42,63,1140.5,0.234,0.86,ns
lh_parsopercularis,Values,1,2,42,63,1392.5,0.652,0.9277575757575757,ns
lh_parsorbitalis,Values,1,2,42,63,1320,0.987,0.992,ns
lh_parstriangularis,Values,1,2,42,63,1459,0.375,0.9277575757575757,ns
lh_pericalcarine,Values,1,2,42,63,1257,0.668,0.9277575757575757,ns
lh_postcentral,Values,1,2,42,63,1216,0.486,0.9277575757575757,ns
lh_posteriorcingulate,Values,1,2,42,63,1316.5,0.969,0.992,ns
lh_precentral,Values,1,2,42,63,1409,0.576,0.9277575757575757,ns
lh_precuneus,Values,1,2,42,63,1154,0.27,0.86,ns
lh_rostralanteriorcingulate,Values,1,2,42,63,1305,0.909,0.977175,ns
lh_rostralmiddlefrontal,Values,1,2,42,63,1431,0.482,0.9277575757575757,ns
lh_superiorfrontal,Values,1,2,42,63,1247,0.621,0.9277575757575757,ns
lh_superiorparietal,Values,1,2,42,63,1338,0.924,0.9806097560975611,ns
lh_superiortemporal,Values,1,2,42,63,1263.5,0.7,0.9277575757575757,ns
lh_supramarginal,Values,1,2,42,63,1328.5,0.974,0.992,ns
lh_temporalpole,Values,1,2,42,63,1284,0.801,0.970225352112676,ns
lh_transversetemporal,Values,1,2,42,63,1151.5,0.263,0.86,ns
rh_bankssts,Values,1,2,42,63,1202.5,0.432,0.9277575757575757,ns
rh_caudalanteriorcingulate,Values,1,2,42,63,1347.5,0.875,0.977175,ns
rh_caudalmiddlefrontal,Values,1,2,42,63,1380,0.712,0.9277575757575757,ns
rh_cuneus,Values,1,2,42,63,1261,0.687,0.9277575757575757,ns
rh_entorhinal,Values,1,2,42,63,1170,0.319,0.9277575757575757,ns
rh_frontalpole,Values,1,2,42,63,1464.5,0.356,0.9277575757575757,ns
rh_fusiform,Values,1,2,42,63,1348.5,0.87,0.977175,ns
rh_inferiorparietal,Values,1,2,42,63,1521.5,0.195,0.86,ns
rh_inferiortemporal,Values,1,2,42,63,1400,0.617,0.9277575757575757,ns
rh_insula,Values,1,2,42,63,1346,0.883,0.977175,ns
rh_isthmuscingulate,Values,1,2,42,63,1422.5,0.517,0.9277575757575757,ns
rh_lateraloccipital,Values,1,2,42,63,1136.5,0.224,0.86,ns
rh_lateralorbitofrontal,Values,1,2,42,63,1251.5,0.642,0.9277575757575757,ns
rh_lingual,Values,1,2,42,63,1310,0.935,0.9806097560975611,ns
rh_medialorbitofrontal,Values,1,2,42,63,1600.5,0.07,0.86,ns
rh_middletemporal,Values,1,2,42,63,1430.5,0.484,0.9277575757575757,ns
rh_paracentral,Values,1,2,42,63,889.5,0.00462,0.39732,ns
rh_parahippocampal,Values,1,2,42,63,1075.5,0.106,0.86,ns
rh_parsopercularis,Values,1,2,42,63,1525,0.187,0.86,ns
rh_parsorbitalis,Values,1,2,42,63,1362,0.801,0.970225352112676,ns
rh_parstriangularis,Values,1,2,42,63,1507.5,0.229,0.86,ns
rh_pericalcarine,Values,1,2,42,63,1370.5,0.759,0.946,ns
rh_postcentral,Values,1,2,42,63,1100.5,0.146,0.86,ns
rh_posteriorcingulate,Values,1,2,42,63,1043,0.0675,0.86,ns
rh_precentral,Values,1,2,42,63,1125.5,0.198,0.86,ns
rh_precuneus,Values,1,2,42,63,1273,0.746,0.9434705882352941,ns
rh_rostralanteriorcingulate,Values,1,2,42,63,1150,0.259,0.86,ns
rh_rostralmiddlefrontal,Values,1,2,42,63,1446,0.423,0.9277575757575757,ns
rh_superiorfrontal,Values,1,2,42,63,1241.5,0.596,0.9277575757575757,ns
rh_superiorparietal,Values,1,2,42,63,1342,0.904,0.977175,ns
rh_superiortemporal,Values,1,2,42,63,1303.5,0.901,0.977175,ns
rh_supramarginal,Values,1,2,42,63,1387.5,0.675,0.9277575757575757,ns
rh_temporalpole,Values,1,2,42,63,1233,0.558,0.9277575757575757,ns
rh_transversetemporal,Values,1,2,42,63,1104,0.153,0.86,ns
Right_Accumbens_area,Values,1,2,42,63,1416,0.545,0.9277575757575757,ns
Right_Amygdala,Values,1,2,42,63,1292.5,0.844,0.977175,ns
Right_Caudate,Values,1,2,42,63,1595.5,0.0752,0.86,ns
Right_Cerebellum_Cortex,Values,1,2,42,63,1667,0.0246,0.774,ns
Right_Hippocampus,Values,1,2,42,63,1237.5,0.578,0.9277575757575757,ns
Right_Pallidum,Values,1,2,42,63,1403,0.603,0.9277575757575757,ns
Right_Putamen,Values,1,2,42,63,1255.5,0.661,0.9277575757575757,ns
Right_Thalamus_Proper,Values,1,2,42,63,1661.5,0.027,0.774,ns
Right_VentralDC,Values,1,2,42,63,1431.5,0.48,0.9277575757575757,ns
