Variables,.y.,group1,group2,n1,n2,statistic,p,p.adj,p.adj.signif
Left_Accumbens_area,Values,1,2,42,63,1343,0.899,0.997,ns
Left_Amygdala,Values,1,2,42,63,1150,0.259,0.997,ns
Left_Caudate,Values,1,2,42,63,1603,0.0675,0.997,ns
Left_Cerebellum_Cortex,Values,1,2,42,63,1325,0.992,0.997,ns
Left_Hippocampus,Values,1,2,42,63,1297,0.868,0.997,ns
Left_Pallidum,Values,1,2,42,63,1452.5,0.399,0.997,ns
Left_Putamen,Values,1,2,42,63,1284,0.801,0.997,ns
Left_Thalamus_Proper,Values,1,2,42,63,1503,0.24,0.997,ns
Left_VentralDC,Values,1,2,42,63,1467,0.348,0.997,ns
lh_bankssts,Values,1,2,42,63,1412,0.563,0.997,ns
lh_caudalanteriorcingulate,Values,1,2,42,63,1327,0.982,0.997,ns
lh_caudalmiddlefrontal,Values,1,2,42,63,1342,0.904,0.997,ns
lh_cuneus,Values,1,2,42,63,1418,0.536,0.997,ns
lh_entorhinal,Values,1,2,42,63,1312,0.945,0.997,ns
lh_frontalpole,Values,1,2,42,63,1310,0.935,0.997,ns
lh_fusiform,Values,1,2,42,63,1485,0.291,0.997,ns
lh_inferiorparietal,Values,1,2,42,63,1488,0.282,0.997,ns
lh_inferiortemporal,Values,1,2,42,63,1159,0.285,0.997,ns
lh_insula,Values,1,2,42,63,1197,0.412,0.997,ns
lh_isthmuscingulate,Values,1,2,42,63,1428,0.494,0.997,ns
lh_lateraloccipital,Values,1,2,42,63,1363,0.796,0.997,ns
lh_lateralorbitofrontal,Values,1,2,42,63,1370,0.761,0.997,ns
lh_lingual,Values,1,2,42,63,1455,0.39,0.997,ns
lh_medialorbitofrontal,Values,1,2,42,63,1575,0.1,0.997,ns
lh_middletemporal,Values,1,2,42,63,1196,0.408,0.997,ns
lh_paracentral,Values,1,2,42,63,1467,0.348,0.997,ns
lh_parahippocampal,Values,1,2,42,63,1095,0.137,0.997,ns
lh_parsopercularis,Values,1,2,42,63,1563,0.117,0.997,ns
lh_parsorbitalis,Values,1,2,42,63,1294,0.852,0.997,ns
lh_parstriangularis,Values,1,2,42,63,1324,0.997,0.997,ns
lh_pericalcarine,Values,1,2,42,63,1311,0.94,0.997,ns
lh_postcentral,Values,1,2,42,63,1139,0.23,0.997,ns
lh_posteriorcingulate,Values,1,2,42,63,1208,0.454,0.997,ns
lh_precentral,Values,1,2,42,63,1134,0.218,0.997,ns
lh_precuneus,Values,1,2,42,63,1337,0.93,0.997,ns
lh_rostralanteriorcingulate,Values,1,2,42,63,1418,0.536,0.997,ns
lh_rostralmiddlefrontal,Values,1,2,42,63,1535,0.167,0.997,ns
lh_superiorfrontal,Values,1,2,42,63,1378,0.721,0.997,ns
lh_superiorparietal,Values,1,2,42,63,1324,0.997,0.997,ns
lh_superiortemporal,Values,1,2,42,63,1103,0.151,0.997,ns
lh_supramarginal,Values,1,2,42,63,1261,0.687,0.997,ns
lh_temporalpole,Values,1,2,42,63,1281.5,0.789,0.997,ns
lh_transversetemporal,Values,1,2,42,63,1309,0.93,0.997,ns
rh_bankssts,Values,1,2,42,63,1127,0.201,0.997,ns
rh_caudalanteriorcingulate,Values,1,2,42,63,1402,0.608,0.997,ns
rh_caudalmiddlefrontal,Values,1,2,42,63,1269,0.726,0.997,ns
rh_cuneus,Values,1,2,42,63,1267,0.717,0.997,ns
rh_entorhinal,Values,1,2,42,63,1448,0.415,0.997,ns
rh_frontalpole,Values,1,2,42,63,1377.5,0.724,0.997,ns
rh_fusiform,Values,1,2,42,63,1446,0.423,0.997,ns
rh_inferiorparietal,Values,1,2,42,63,1503,0.24,0.997,ns
rh_inferiortemporal,Values,1,2,42,63,1288,0.821,0.997,ns
rh_insula,Values,1,2,42,63,1100,0.146,0.997,ns
rh_isthmuscingulate,Values,1,2,42,63,1178,0.345,0.997,ns
rh_lateraloccipital,Values,1,2,42,63,1429,0.49,0.997,ns
rh_lateralorbitofrontal,Values,1,2,42,63,1249,0.631,0.997,ns
rh_lingual,Values,1,2,42,63,1381,0.707,0.997,ns
rh_medialorbitofrontal,Values,1,2,42,63,1430,0.486,0.997,ns
rh_middletemporal,Values,1,2,42,63,1295,0.857,0.997,ns
rh_paracentral,Values,1,2,42,63,1405,0.594,0.997,ns
rh_parahippocampal,Values,1,2,42,63,976,0.0234,0.997,ns
rh_parsopercularis,Values,1,2,42,63,1369,0.766,0.997,ns
rh_parsorbitalis,Values,1,2,42,63,1266,0.712,0.997,ns
rh_parstriangularis,Values,1,2,42,63,1260,0.683,0.997,ns
rh_pericalcarine,Values,1,2,42,63,1134,0.218,0.997,ns
rh_postcentral,Values,1,2,42,63,1180,0.351,0.997,ns
rh_posteriorcingulate,Values,1,2,42,63,983,0.0264,0.997,ns
rh_precentral,Values,1,2,42,63,1251,0.64,0.997,ns
rh_precuneus,Values,1,2,42,63,1312,0.945,0.997,ns
rh_rostralanteriorcingulate,Values,1,2,42,63,1416.5,0.543,0.997,ns
rh_rostralmiddlefrontal,Values,1,2,42,63,1543,0.151,0.997,ns
rh_superiorfrontal,Values,1,2,42,63,1236,0.572,0.997,ns
rh_superiorparietal,Values,1,2,42,63,1349,0.868,0.997,ns
rh_superiortemporal,Values,1,2,42,63,1262,0.692,0.997,ns
rh_supramarginal,Values,1,2,42,63,1340,0.914,0.997,ns
rh_temporalpole,Values,1,2,42,63,1282,0.791,0.997,ns
rh_transversetemporal,Values,1,2,42,63,1320,0.987,0.997,ns
Right_Accumbens_area,Values,1,2,42,63,1463,0.362,0.997,ns
Right_Amygdala,Values,1,2,42,63,1276,0.761,0.997,ns
Right_Caudate,Values,1,2,42,63,1419,0.532,0.997,ns
Right_Cerebellum_Cortex,Values,1,2,42,63,1558,0.125,0.997,ns
Right_Hippocampus,Values,1,2,42,63,1267,0.717,0.997,ns
Right_Pallidum,Values,1,2,42,63,1369,0.766,0.997,ns
Right_Putamen,Values,1,2,42,63,1273,0.746,0.997,ns
Right_Thalamus_Proper,Values,1,2,42,63,1615,0.0566,0.997,ns
Right_VentralDC,Values,1,2,42,63,1470,0.338,0.997,ns
