Variables,.y.,group1,group2,n1,n2,statistic,p,p.adj,p.adj.signif
Accumbens_L,Values,1,2,42,63,1450,0.408,0.9886545454545453,ns
Accumbens_R,Values,1,2,42,63,1314,0.956,0.9886545454545453,ns
Amygdala_L,Values,1,2,42,63,1139,0.23,0.9886545454545453,ns
Amygdala_R,Values,1,2,42,63,1071,0.1,0.9886545454545453,ns
AngularGyrus_L,Values,1,2,42,63,1430,0.486,0.9886545454545453,ns
AngularGyrus_R,Values,1,2,42,63,1311,0.94,0.9886545454545453,ns
Brain_Stem_L,Values,1,2,42,63,1404,0.599,0.9886545454545453,ns
Brain_Stem_R,Values,1,2,42,63,1417,0.541,0.9886545454545453,ns
Caudate_L,Values,1,2,42,63,1408,0.58,0.9886545454545453,ns
Caudate_R,Values,1,2,42,63,1506,0.233,0.9886545454545453,ns
CentralOpercularCortex_L,Values,1,2,42,63,1399,0.621,0.9886545454545453,ns
CentralOpercularCortex_R,Values,1,2,42,63,1363,0.796,0.9886545454545453,ns
CingulateGyrusanteriordivision_L,Values,1,2,42,63,1356,0.832,0.9886545454545453,ns
CingulateGyrusanteriordivision_R,Values,1,2,42,63,1380,0.712,0.9886545454545453,ns
CingulateGyrusposteriordivision_L,Values,1,2,42,63,1427,0.498,0.9886545454545453,ns
CingulateGyrusposteriordivision_R,Values,1,2,42,63,1419,0.532,0.9886545454545453,ns
CunealCortex_L,Values,1,2,42,63,1340,0.914,0.9886545454545453,ns
CunealCortex_R,Values,1,2,42,63,1450,0.408,0.9886545454545453,ns
FrontalMedialCortex_L,Values,1,2,42,63,1282,0.791,0.9886545454545453,ns
FrontalMedialCortex_R,Values,1,2,42,63,1403,0.603,0.9886545454545453,ns
FrontalOperculumCortex_L,Values,1,2,42,63,1455,0.39,0.9886545454545453,ns
FrontalOperculumCortex_R,Values,1,2,42,63,1391,0.659,0.9886545454545453,ns
FrontalOrbitalCortex_L,Values,1,2,42,63,1394,0.645,0.9886545454545453,ns
FrontalOrbitalCortex_R,Values,1,2,42,63,1393,0.649,0.9886545454545453,ns
FrontalPole_L,Values,1,2,42,63,1493,0.268,0.9886545454545453,ns
FrontalPole_R,Values,1,2,42,63,1392,0.654,0.9886545454545453,ns
HeschlsGyrus_L,Values,1,2,42,63,1283,0.796,0.9886545454545453,ns
HeschlsGyrus_R,Values,1,2,42,63,1296,0.862,0.9886545454545453,ns
Hippocampus_L,Values,1,2,42,63,1308,0.924,0.9886545454545453,ns
Hippocampus_R,Values,1,2,42,63,1128,0.203,0.9886545454545453,ns
InferiorFrontalGyrusparsopercularis_L,Values,1,2,42,63,1447,0.419,0.9886545454545453,ns
InferiorFrontalGyrusparsopercularis_R,Values,1,2,42,63,1486,0.288,0.9886545454545453,ns
InferiorFrontalGyrusparstriangularis_L,Values,1,2,42,63,1382,0.702,0.9886545454545453,ns
InferiorFrontalGyrusparstriangularis_R,Values,1,2,42,63,1545,0.147,0.9886545454545453,ns
InferiorTemporalGyrusanteriordivision_L,Values,1,2,42,63,1214,0.478,0.9886545454545453,ns
InferiorTemporalGyrusanteriordivision_R,Values,1,2,42,63,1281,0.786,0.9886545454545453,ns
InferiorTemporalGyrusposteriordivision_L,Values,1,2,42,63,1307,0.919,0.9886545454545453,ns
InferiorTemporalGyrusposteriordivision_R,Values,1,2,42,63,1471,0.335,0.9886545454545453,ns
InferiorTemporalGyrustemporooccipitalpart_L,Values,1,2,42,63,1425,0.507,0.9886545454545453,ns
InferiorTemporalGyrustemporooccipitalpart_R,Values,1,2,42,63,1411,0.567,0.9886545454545453,ns
InsularCortex_L,Values,1,2,42,63,1440,0.446,0.9886545454545453,ns
InsularCortex_R,Values,1,2,42,63,1348,0.873,0.9886545454545453,ns
IntracalcarineCortex_L,Values,1,2,42,63,1325,0.992,0.992,ns
IntracalcarineCortex_R,Values,1,2,42,63,1308,0.924,0.9886545454545453,ns
JuxtapositionalLobuleCortex_L,Values,1,2,42,63,1391,0.659,0.9886545454545453,ns
JuxtapositionalLobuleCortex_R,Values,1,2,42,63,1233,0.558,0.9886545454545453,ns
LateralOccipitalCortexinferiordivision_L,Values,1,2,42,63,1418,0.536,0.9886545454545453,ns
LateralOccipitalCortexinferiordivision_R,Values,1,2,42,63,1410,0.572,0.9886545454545453,ns
LateralOccipitalCortexsuperiordivision_L,Values,1,2,42,63,1380,0.712,0.9886545454545453,ns
LateralOccipitalCortexsuperiordivision_R,Values,1,2,42,63,1296,0.862,0.9886545454545453,ns
LingualGyrus_L,Values,1,2,42,63,1389,0.668,0.9886545454545453,ns
LingualGyrus_R,Values,1,2,42,63,1387,0.678,0.9886545454545453,ns
MiddleFrontalGyrus_L,Values,1,2,42,63,1357,0.827,0.9886545454545453,ns
MiddleFrontalGyrus_R,Values,1,2,42,63,1376,0.731,0.9886545454545453,ns
MiddleTemporalGyrusanteriordivision_L,Values,1,2,42,63,1320,0.987,0.992,ns
MiddleTemporalGyrusanteriordivision_R,Values,1,2,42,63,1465,0.355,0.9886545454545453,ns
MiddleTemporalGyrusposteriordivision_L,Values,1,2,42,63,1375,0.736,0.9886545454545453,ns
MiddleTemporalGyrusposteriordivision_R,Values,1,2,42,63,1333,0.95,0.9886545454545453,ns
MiddleTemporalGyrustemporooccipitalpart_L,Values,1,2,42,63,1351,0.857,0.9886545454545453,ns
MiddleTemporalGyrustemporooccipitalpart_R,Values,1,2,42,63,1430,0.486,0.9886545454545453,ns
OccipitalFusiformGyrus_L,Values,1,2,42,63,1360,0.811,0.9886545454545453,ns
OccipitalFusiformGyrus_R,Values,1,2,42,63,1412,0.563,0.9886545454545453,ns
OccipitalPole_L,Values,1,2,42,63,1329,0.971,0.9886545454545453,ns
OccipitalPole_R,Values,1,2,42,63,1333,0.95,0.9886545454545453,ns
Pallidum_L,Values,1,2,42,63,1333.5,0.948,0.9886545454545453,ns
Pallidum_R,Values,1,2,42,63,1517,0.206,0.9886545454545453,ns
ParacingulateGyrus_L,Values,1,2,42,63,1444,0.431,0.9886545454545453,ns
ParacingulateGyrus_R,Values,1,2,42,63,1379,0.717,0.9886545454545453,ns
ParahippocampalGyrusanteriordivision_L,Values,1,2,42,63,1353,0.847,0.9886545454545453,ns
ParahippocampalGyrusanteriordivision_R,Values,1,2,42,63,1379,0.717,0.9886545454545453,ns
ParahippocampalGyrusposteriordivision_L,Values,1,2,42,63,1194,0.401,0.9886545454545453,ns
ParahippocampalGyrusposteriordivision_R,Values,1,2,42,63,1035,0.06,0.9886545454545453,ns
ParietalOperculumCortex_L,Values,1,2,42,63,1379,0.717,0.9886545454545453,ns
ParietalOperculumCortex_R,Values,1,2,42,63,1395,0.64,0.9886545454545453,ns
PlanumPolare_L,Values,1,2,42,63,1198,0.415,0.9886545454545453,ns
PlanumPolare_R,Values,1,2,42,63,1251,0.64,0.9886545454545453,ns
PlanumTemporale_L,Values,1,2,42,63,1405,0.594,0.9886545454545453,ns
PlanumTemporale_R,Values,1,2,42,63,1340,0.914,0.9886545454545453,ns
PostcentralGyrus_L,Values,1,2,42,63,1396,0.635,0.9886545454545453,ns
PostcentralGyrus_R,Values,1,2,42,63,1378,0.721,0.9886545454545453,ns
PrecentralGyrus_L,Values,1,2,42,63,1295,0.857,0.9886545454545453,ns
PrecentralGyrus_R,Values,1,2,42,63,1214,0.478,0.9886545454545453,ns
PrecuneousCortex_L,Values,1,2,42,63,1382,0.702,0.9886545454545453,ns
PrecuneousCortex_R,Values,1,2,42,63,1387,0.678,0.9886545454545453,ns
Putamen_L,Values,1,2,42,63,1381,0.707,0.9886545454545453,ns
Putamen_R,Values,1,2,42,63,1365,0.786,0.9886545454545453,ns
SubcallosalCortex_L,Values,1,2,42,63,1374,0.741,0.9886545454545453,ns
SubcallosalCortex_R,Values,1,2,42,63,1271,0.736,0.9886545454545453,ns
SuperiorFrontalGyrus_L,Values,1,2,42,63,1364,0.791,0.9886545454545453,ns
SuperiorFrontalGyrus_R,Values,1,2,42,63,1343,0.899,0.9886545454545453,ns
SuperiorParietalLobule_L,Values,1,2,42,63,1477,0.315,0.9886545454545453,ns
SuperiorParietalLobule_R,Values,1,2,42,63,1351,0.857,0.9886545454545453,ns
SuperiorTemporalGyrusanteriordivision_L,Values,1,2,42,63,1219,0.498,0.9886545454545453,ns
SuperiorTemporalGyrusanteriordivision_R,Values,1,2,42,63,1149,0.256,0.9886545454545453,ns
SuperiorTemporalGyrusposteriordivision_L,Values,1,2,42,63,1274,0.751,0.9886545454545453,ns
SuperiorTemporalGyrusposteriordivision_R,Values,1,2,42,63,1252,0.645,0.9886545454545453,ns
SupracalcarineCortex_L,Values,1,2,42,63,1305,0.909,0.9886545454545453,ns
SupracalcarineCortex_R,Values,1,2,42,63,1456,0.386,0.9886545454545453,ns
SupramarginalGyrusanteriordivision_L,Values,1,2,42,63,1500,0.248,0.9886545454545453,ns
SupramarginalGyrusanteriordivision_R,Values,1,2,42,63,1317,0.971,0.9886545454545453,ns
SupramarginalGyrusposteriordivision_L,Values,1,2,42,63,1365,0.786,0.9886545454545453,ns
SupramarginalGyrusposteriordivision_R,Values,1,2,42,63,1267,0.717,0.9886545454545453,ns
TemporalFusiformCortexanteriordivision_L,Values,1,2,42,63,1362,0.801,0.9886545454545453,ns
TemporalFusiformCortexanteriordivision_R,Values,1,2,42,63,1314,0.956,0.9886545454545453,ns
TemporalFusiformCortexposteriordivision_L,Values,1,2,42,63,1253,0.649,0.9886545454545453,ns
TemporalFusiformCortexposteriordivision_R,Values,1,2,42,63,1309,0.93,0.9886545454545453,ns
TemporalOccipitalFusiformCortex_L,Values,1,2,42,63,1372,0.751,0.9886545454545453,ns
TemporalOccipitalFusiformCortex_R,Values,1,2,42,63,1411,0.567,0.9886545454545453,ns
TemporalPole_L,Values,1,2,42,63,1187,0.375,0.9886545454545453,ns
TemporalPole_R,Values,1,2,42,63,1241,0.594,0.9886545454545453,ns
Thalamus_L,Values,1,2,42,63,1415,0.55,0.9886545454545453,ns
Thalamus_R,Values,1,2,42,63,1367,0.776,0.9886545454545453,ns
