variable,statistic,p.value,Regions
.,0.9888289380542002,0.53550317061007,FrontalPole_R
.,0.9764709838788993,0.05846609879078742,FrontalPole_L
.,0.980078267523026,0.11553492709082688,InsularCortex_R
.,0.9800402635752766,0.11471147204246698,InsularCortex_L
.,0.9889945044369198,0.5486787992603521,SuperiorFrontalGyrus_R
.,0.9803176347155895,0.1208556858198072,SuperiorFrontalGyrus_L
.,0.9913144682852232,0.741796651603359,MiddleFrontalGyrus_R
.,0.9767689800431648,0.06184961099150931,MiddleFrontalGyrus_L
.,0.9861964252900312,0.3513971499607378,InferiorFrontalGyrusparstriangularis_R
.,0.9871487858807324,0.41194751149746267,InferiorFrontalGyrusparstriangularis_L
.,0.9874168880465568,0.4302868094138562,InferiorFrontalGyrusparsopercularis_R
.,0.9890359539608939,0.5520004479983472,InferiorFrontalGyrusparsopercularis_L
.,0.9842637441911924,0.25046669997531024,PrecentralGyrus_R
.,0.9754076893798744,0.0478473800204327,PrecentralGyrus_L
.,0.9919827112539785,0.7958722245208004,TemporalPole_R
.,0.9940087213275429,0.9298794130754124,TemporalPole_L
.,0.980489746573901,0.12482824549924726,SuperiorTemporalGyrusanteriordivision_R
.,0.9815632689462375,0.15261086429879125,SuperiorTemporalGyrusanteriordivision_L
.,0.983735740767853,0.22770402392821282,SuperiorTemporalGyrusposteriordivision_R
.,0.9685189893170478,0.013366853756887986,SuperiorTemporalGyrusposteriordivision_L
.,0.9648504709285953,0.006936008818821952,MiddleTemporalGyrusanteriordivision_R
.,0.9917958872634989,0.7810458456438814,MiddleTemporalGyrusanteriordivision_L
.,0.9823720326448075,0.17734721313072313,MiddleTemporalGyrusposteriordivision_R
.,0.9821378036836694,0.1698185979781514,MiddleTemporalGyrusposteriordivision_L
.,0.9797718895499093,0.10905773602383759,MiddleTemporalGyrustemporooccipitalpart_R
.,0.9662650654362952,0.008913482891173805,MiddleTemporalGyrustemporooccipitalpart_L
.,0.9805201708702476,0.12554355922776075,InferiorTemporalGyrusanteriordivision_R
.,0.9875670252698138,0.44079853409074166,InferiorTemporalGyrusanteriordivision_L
.,0.9802385077584237,0.11907089926751002,InferiorTemporalGyrusposteriordivision_R
.,0.9862009925596611,0.35167022825403915,InferiorTemporalGyrusposteriordivision_L
.,0.9883999575585097,0.5021124304996001,InferiorTemporalGyrustemporooccipitalpart_R
.,0.9781821674623687,0.08078179045874069,InferiorTemporalGyrustemporooccipitalpart_L
.,0.9794918850502616,0.10345047246233409,PostcentralGyrus_R
.,0.9777526270459206,0.07448240538348243,PostcentralGyrus_L
.,0.9806684229081792,0.1290864687966756,SuperiorParietalLobule_R
.,0.9822953246181662,0.17484776256046,SuperiorParietalLobule_L
.,0.9847012313736718,0.2708289209415255,SupramarginalGyrusanteriordivision_R
.,0.9789469113206997,0.09333930160599122,SupramarginalGyrusanteriordivision_L
.,0.9836736589660998,0.22515343030612628,SupramarginalGyrusposteriordivision_R
.,0.9800169455155643,0.11420906851319111,SupramarginalGyrusposteriordivision_L
.,0.9809672915831134,0.13652546669647023,AngularGyrus_R
.,0.9811256554518198,0.14063322773845077,AngularGyrus_L
.,0.9862779071869487,0.3562940674635052,LateralOccipitalCortexsuperiordivision_R
.,0.9873186295741715,0.42350082097790803,LateralOccipitalCortexsuperiordivision_L
.,0.9912870805753031,0.7395282076503867,LateralOccipitalCortexinferiordivision_R
.,0.994679489792378,0.9589822918590214,LateralOccipitalCortexinferiordivision_L
.,0.9870641544562581,0.40627482641550916,IntracalcarineCortex_R
.,0.9870454474625114,0.4050285344426153,IntracalcarineCortex_L
.,0.9901225436888291,0.6416446519549838,FrontalMedialCortex_R
.,0.9925779802328586,0.8409983487811402,FrontalMedialCortex_L
.,0.9803953970384841,0.12263506751912884,JuxtapositionalLobuleCortex_R
.,0.9812170158211011,0.14305682745276951,JuxtapositionalLobuleCortex_L
.,0.9735562262100204,0.03380869550149346,SubcallosalCortex_R
.,0.9861776527808812,0.35027649013475426,SubcallosalCortex_L
.,0.9838007113184443,0.2304011798083406,ParacingulateGyrus_R
.,0.987388495448525,0.42831830112652036,ParacingulateGyrus_L
.,0.9802411294443297,0.11912962030743361,CingulateGyrusanteriordivision_R
.,0.9874750787536888,0.43434058785852825,CingulateGyrusanteriordivision_L
.,0.9872529245289705,0.41900471326420535,CingulateGyrusposteriordivision_R
.,0.9920116740373472,0.7981460088440846,CingulateGyrusposteriordivision_L
.,0.9964272016398905,0.9956644203085151,PrecuneousCortex_R
.,0.9944495381542389,0.950002944869957,PrecuneousCortex_L
.,0.9917577187015237,0.7779850782206399,CunealCortex_R
.,0.9864921484830897,0.3694234139301809,CunealCortex_L
.,0.9814556312187531,0.14957730647525344,FrontalOrbitalCortex_R
.,0.9930239769323143,0.8721082883068857,FrontalOrbitalCortex_L
.,0.9922715490704255,0.8182142737219338,ParahippocampalGyrusanteriordivision_R
.,0.9833294293759096,0.21147504903297168,ParahippocampalGyrusanteriordivision_L
.,0.9949657846733377,0.9687002368933701,ParahippocampalGyrusposteriordivision_R
.,0.990771194247455,0.6963545016388266,ParahippocampalGyrusposteriordivision_L
.,0.9787470907258752,0.08988225924887681,LingualGyrus_R
.,0.9795005638930833,0.1036199361792901,LingualGyrus_L
.,0.9855449625205951,0.31414849534361133,TemporalFusiformCortexanteriordivision_R
.,0.9840785556853279,0.2422619300262812,TemporalFusiformCortexanteriordivision_L
.,0.9916913888368833,0.7726425054745316,TemporalFusiformCortexposteriordivision_R
.,0.9847523303237029,0.273298848232029,TemporalFusiformCortexposteriordivision_L
.,0.9832526768079891,0.20853041527964902,TemporalOccipitalFusiformCortex_R
.,0.9920183616453007,0.7986700362621629,TemporalOccipitalFusiformCortex_L
.,0.9818454085662267,0.16084325700688523,OccipitalFusiformGyrus_R
.,0.9745143400720142,0.040452317158151715,OccipitalFusiformGyrus_L
.,0.9882815891136245,0.4931038832048603,FrontalOperculumCortex_R
.,0.9896811719342284,0.6047352318851086,FrontalOperculumCortex_L
.,0.984819082466563,0.2765547073893334,CentralOpercularCortex_R
.,0.9794640230366507,0.1029082785822261,CentralOpercularCortex_L
.,0.985341176521245,0.303184223379128,ParietalOperculumCortex_R
.,0.9815952307103077,0.15352289623813678,ParietalOperculumCortex_L
.,0.9671086605954397,0.010365074344781958,PlanumPolare_R
.,0.9810505931791752,0.1386715817738225,PlanumPolare_L
.,0.9846247995355253,0.26717063265173085,HeschlsGyrus_R
.,0.9863352868930798,0.359774400805945,HeschlsGyrus_L
.,0.9827874913014413,0.19147548263721428,PlanumTemporale_R
.,0.9705954019015343,0.01952721192178255,PlanumTemporale_L
.,0.9810787583294213,0.13940453071609046,SupracalcarineCortex_R
.,0.9872891913524593,0.4214822607221745,SupracalcarineCortex_L
.,0.9908513097781727,0.7031000664505026,OccipitalPole_R
.,0.9872475682889189,0.4186396713610937,OccipitalPole_L
.,0.9829145112881321,0.19599975132501987,Brain_Stem_R
.,0.980870611096308,0.13407482631106704,Brain_Stem_L
.,0.9835350589818519,0.2195521494176267,Thalamus_R
.,0.990172305663098,0.6458322566366945,Thalamus_L
.,0.9896137157646899,0.5991430981714182,Caudate_R
.,0.981545546913862,0.15210739501893936,Caudate_L
.,0.989471968891806,0.5874455992971768,Putamen_R
.,0.9869706648787837,0.4000739748963965,Putamen_L
.,0.9835200653241516,0.21895384514207877,Pallidum_R
.,0.988834018915897,0.5359052386875719,Pallidum_L
.,0.987448867123588,0.4325113820485961,Hippocampus_R
.,0.9786705265449399,0.08859156352770954,Hippocampus_L
.,0.9849606937406141,0.28357255605195897,Amygdala_R
.,0.9860171016128348,0.3408072098158433,Amygdala_L
.,0.9817563379985953,0.15819974082040336,Accumbens_R
.,0.9852181675173249,0.2967221949203757,Accumbens_L
