struc_names,z_stat,p_value,p_fdr
FrontalPole_R,-0.3755875907895509,0.7128,0.9899781818181818
FrontalPole_L,-1.1434396243671183,0.2558,0.9899781818181818
InsularCortex_R,-0.1578084786305146,0.8727,0.9899781818181818
InsularCortex_L,-0.6567468959732976,0.5132,0.9899781818181818
SuperiorFrontalGyrus_R,-0.019809641353092964,0.9822,0.9910486486486485
SuperiorFrontalGyrus_L,-0.03739959120621368,0.9686,0.9899781818181818
MiddleFrontalGyrus_R,-0.4314063289341465,0.667,0.9899781818181818
MiddleFrontalGyrus_L,-0.2660261871382593,0.7848,0.9899781818181818
InferiorFrontalGyrusparstriangularis_R,-1.4955292598693708,0.129,0.9899781818181818
InferiorFrontalGyrusparstriangularis_L,-0.33811962967932296,0.7427,0.9899781818181818
InferiorFrontalGyrusparsopercularis_R,-1.1324094185216644,0.2588,0.9899781818181818
InferiorFrontalGyrusparsopercularis_L,-0.8608148962827348,0.3965,0.9899781818181818
PrecentralGyrus_R,0.8354618006444883,0.4011,0.9899781818181818
PrecentralGyrus_L,0.15591190072141195,0.8825,0.9899781818181818
TemporalPole_R,0.5638885118537461,0.5782,0.9899781818181818
TemporalPole_L,0.9172634985250933,0.3562,0.9899781818181818
SuperiorTemporalGyrusanteriordivision_R,1.1738118126434072,0.2393,0.9899781818181818
SuperiorTemporalGyrusanteriordivision_L,0.46392610385126015,0.6438,0.9899781818181818
SuperiorTemporalGyrusposteriordivision_R,0.5263478826629415,0.6028,0.9899781818181818
SuperiorTemporalGyrusposteriordivision_L,0.30548224079368724,0.7518,0.9899781818181818
MiddleTemporalGyrusanteriordivision_R,-0.45074701827435093,0.653,0.9899781818181818
MiddleTemporalGyrusanteriordivision_L,0.11858969574084194,0.9039,0.9899781818181818
MiddleTemporalGyrusposteriordivision_R,0.27579321868701323,0.7808,0.9899781818181818
MiddleTemporalGyrusposteriordivision_L,-0.3169312707874215,0.7503,0.9899781818181818
MiddleTemporalGyrustemporooccipitalpart_R,-0.6442472596340552,0.5262,0.9899781818181818
MiddleTemporalGyrustemporooccipitalpart_L,-0.1324976400203533,0.8949,0.9899781818181818
InferiorTemporalGyrusanteriordivision_R,0.7328290848577703,0.4587,0.9899781818181818
InferiorTemporalGyrusanteriordivision_L,0.6771508468400119,0.5018,0.9899781818181818
InferiorTemporalGyrusposteriordivision_R,-0.8068669631246017,0.4165,0.9899781818181818
InferiorTemporalGyrusposteriordivision_L,0.09947322280873992,0.9207,0.9899781818181818
InferiorTemporalGyrustemporooccipitalpart_R,-0.5512857720199862,0.5899,0.9899781818181818
InferiorTemporalGyrustemporooccipitalpart_L,-0.7225817487144531,0.4749,0.9899781818181818
PostcentralGyrus_R,-0.4084197970067989,0.6837,0.9899781818181818
PostcentralGyrus_L,-0.45927738131520707,0.644,0.9899781818181818
SuperiorParietalLobule_R,-0.43264332004062056,0.6685,0.9899781818181818
SuperiorParietalLobule_L,-1.0567224311921233,0.2935,0.9899781818181818
SupramarginalGyrusanteriordivision_R,0.08252465819188401,0.9352,0.9899781818181818
SupramarginalGyrusanteriordivision_L,-1.006902314545899,0.3172,0.9899781818181818
SupramarginalGyrusposteriordivision_R,0.1821952374786874,0.8611,0.9899781818181818
SupramarginalGyrusposteriordivision_L,-0.17180953556530396,0.866,0.9899781818181818
AngularGyrus_R,-0.004457139011900982,0.9966,0.9966
AngularGyrus_L,-0.7095187176770716,0.4782,0.9899781818181818
LateralOccipitalCortexsuperiordivision_R,-0.0992352377595407,0.9155,0.9899781818181818
LateralOccipitalCortexsuperiordivision_L,-0.405819410827501,0.6827,0.9899781818181818
LateralOccipitalCortexinferiordivision_R,-0.8436769465597719,0.3969,0.9899781818181818
LateralOccipitalCortexinferiordivision_L,-0.8662693735438259,0.3901,0.9899781818181818
IntracalcarineCortex_R,0.2437653691565589,0.8136,0.9899781818181818
IntracalcarineCortex_L,-0.08267071918488736,0.9351,0.9899781818181818
FrontalMedialCortex_R,-0.65524765923541906,0.5142,0.9899781818181818
FrontalMedialCortex_L,0.23405374107952195,0.8168,0.9899781818181818
JuxtapositionalLobuleCortex_R,0.5764235713666672,0.5653,0.9899781818181818
JuxtapositionalLobuleCortex_L,-0.4547389946659812,0.6585,0.9899781818181818
SubcallosalCortex_R,0.30075001398406553,0.7616,0.9899781818181818
SubcallosalCortex_L,-0.41648682441848067,0.6779,0.9899781818181818
ParacingulateGyrus_R,-0.2942793008463058,0.7698,0.9899781818181818
ParacingulateGyrus_L,-0.6431394632991365,0.5286,0.9899781818181818
CingulateGyrusanteriordivision_R,-0.29534772362477946,0.7638,0.9899781818181818
CingulateGyrusanteriordivision_L,-0.2058122667381154,0.8365,0.9899781818181818
CingulateGyrusposteriordivision_R,-0.5447583779385641,0.5842,0.9899781818181818
CingulateGyrusposteriordivision_L,-0.5769365645400197,0.5694,0.9899781818181818
PrecuneousCortex_R,-0.4865272595067187,0.6276,0.9899781818181818
PrecuneousCortex_L,-0.5156940175699835,0.6108,0.9899781818181818
CunealCortex_R,-0.7742502032543074,0.4428,0.9899781818181818
CunealCortex_L,-0.05433040882778679,0.9584,0.9899781818181818
FrontalOrbitalCortex_R,-0.4541613594987562,0.6439,0.9899781818181818
FrontalOrbitalCortex_L,-0.3234920101806136,0.7497,0.9899781818181818
ParahippocampalGyrusanteriordivision_R,-0.671128558347049,0.498,0.9899781818181818
ParahippocampalGyrusanteriordivision_L,-0.052160227432905916,0.9585,0.9899781818181818
ParahippocampalGyrusposteriordivision_R,2.06018751363811,0.0405,0.9899781818181818
ParahippocampalGyrusposteriordivision_L,0.6274153483416557,0.537,0.9899781818181818
LingualGyrus_R,-0.6623014960670139,0.5137,0.9899781818181818
LingualGyrus_L,-0.34417695018708516,0.7346,0.9899781818181818
TemporalFusiformCortexanteriordivision_R,-0.07051677066142203,0.9455,0.9899781818181818
TemporalFusiformCortexanteriordivision_L,-0.2567775172493992,0.7966,0.9899781818181818
TemporalFusiformCortexposteriordivision_R,0.03581509788593778,0.9723,0.9899781818181818
TemporalFusiformCortexposteriordivision_L,0.5718296040967125,0.5739,0.9899781818181818
TemporalOccipitalFusiformCortex_R,-0.537521789747912,0.5971,0.9899781818181818
TemporalOccipitalFusiformCortex_L,-0.39455015969461205,0.6944,0.9899781818181818
OccipitalFusiformGyrus_R,-0.5006323298273125,0.6188,0.9899781818181818
OccipitalFusiformGyrus_L,-0.041906272026624274,0.9715,0.9899781818181818
FrontalOperculumCortex_R,-0.5508907411704583,0.5819,0.9899781818181818
FrontalOperculumCortex_L,-1.0472952549310415,0.3016,0.9899781818181818
CentralOpercularCortex_R,-0.2919227974008722,0.7732,0.9899781818181818
CentralOpercularCortex_L,-0.3732401359328348,0.7045,0.9899781818181818
ParietalOperculumCortex_R,-0.44174861027680945,0.6504,0.9899781818181818
ParietalOperculumCortex_L,-0.42083121770876847,0.6801,0.9899781818181818
PlanumPolare_R,0.6317853191116751,0.5281,0.9899781818181818
PlanumPolare_L,0.8601379679941179,0.395,0.9899781818181818
HeschlsGyrus_R,0.13001838442019434,0.8949,0.9899781818181818
HeschlsGyrus_L,0.22958376872260172,0.8222,0.9899781818181818
PlanumTemporale_R,-0.10939844521674194,0.9117,0.9899781818181818
PlanumTemporale_L,-0.6141959497980481,0.5336,0.9899781818181818
SupracalcarineCortex_R,-0.6872508988248092,0.4986,0.9899781818181818
SupracalcarineCortex_L,0.07990277281450384,0.9358,0.9899781818181818
OccipitalPole_R,0.13681900572923622,0.8969,0.9899781818181818
OccipitalPole_L,0.07172969657909446,0.9417,0.9899781818181818
Brain_Stem_R,-0.5907322053547548,0.5545,0.9899781818181818
Brain_Stem_L,-0.24796137542781535,0.8081,0.9899781818181818
Thalamus_R,-0.2591417408280638,0.8013,0.9899781818181818
Thalamus_L,-0.6389669263760606,0.5263,0.9899781818181818
Caudate_R,-0.7375814217406427,0.4617,0.9899781818181818
Caudate_L,-0.2807203434973761,0.776,0.9899781818181818
Putamen_R,-0.298406997373453,0.7682,0.9899781818181818
Putamen_L,-0.28683355766411184,0.7735,0.9899781818181818
Pallidum_R,-1.485171945319381,0.1392,0.9899781818181818
Pallidum_L,-0.16652013584875883,0.8696,0.9899781818181818
Hippocampus_R,1.460290996263557,0.1458,0.9899781818181818
Hippocampus_L,0.2729007422561386,0.785,0.9899781818181818
Amygdala_R,1.8273608796427967,0.065,0.9899781818181818
Amygdala_L,1.2224600319469208,0.2209,0.9899781818181818
Accumbens_R,0.1375749592630678,0.8879,0.9899781818181818
Accumbens_L,-0.7011812508654509,0.4994,0.9899781818181818
