Variables,.y.,group1,group2,n1,n2,statistic,p,p.adj,p.adj.signif
Left_Accumbens_area,Values,1,2,42,63,1183.5,0.363,0.765609756097561,ns
Left_Amygdala,Values,1,2,42,63,1322,0.997,0.997,ns
Left_Caudate,Values,1,2,42,63,1538,0.161,0.7371428571428572,ns
Left_Cerebellum_Cortex,Values,1,2,42,63,1304,0.904,0.9480975609756098,ns
Left_Hippocampus,Values,1,2,42,63,1287,0.816,0.9173333333333333,ns
Left_Pallidum,Values,1,2,42,63,1576.5,0.0979,0.7371428571428572,ns
Left_Putamen,Values,1,2,42,63,1587,0.0848,0.7371428571428572,ns
Left_Thalamus_Proper,Values,1,2,42,63,1505,0.235,0.7371428571428572,ns
Left_VentralDC,Values,1,2,42,63,1378,0.721,0.8986376811594202,ns
lh_bankssts,Values,1,2,42,63,1071,0.1,0.7371428571428572,ns
lh_caudalanteriorcingulate,Values,1,2,42,63,1304,0.904,0.9480975609756098,ns
lh_caudalmiddlefrontal,Values,1,2,42,63,1182,0.358,0.765609756097561,ns
lh_cuneus,Values,1,2,42,63,1112,0.169,0.7371428571428572,ns
lh_entorhinal,Values,1,2,42,63,1302.5,0.896,0.9480975609756098,ns
lh_frontalpole,Values,1,2,42,63,1427,0.498,0.7927636363636364,ns
lh_fusiform,Values,1,2,42,63,988,0.0287,0.60028,ns
lh_inferiorparietal,Values,1,2,42,63,1029,0.0549,0.7371428571428572,ns
lh_inferiortemporal,Values,1,2,42,63,1312,0.945,0.9791566265060241,ns
lh_insula,Values,1,2,42,63,1454,0.393,0.7927636363636364,ns
lh_isthmuscingulate,Values,1,2,42,63,1438,0.454,0.7927636363636364,ns
lh_lateraloccipital,Values,1,2,42,63,1114,0.173,0.7371428571428572,ns
lh_lateralorbitofrontal,Values,1,2,42,63,1556,0.128,0.7371428571428572,ns
lh_lingual,Values,1,2,42,63,1135,0.22,0.7371428571428572,ns
lh_medialorbitofrontal,Values,1,2,42,63,1402,0.608,0.8986376811594202,ns
lh_middletemporal,Values,1,2,42,63,1184,0.365,0.765609756097561,ns
lh_paracentral,Values,1,2,42,63,1215,0.482,0.7927636363636364,ns
lh_parahippocampal,Values,1,2,42,63,1364,0.791,0.9173333333333333,ns
lh_parsopercularis,Values,1,2,42,63,1247,0.621,0.8986376811594202,ns
lh_parsorbitalis,Values,1,2,42,63,1525,0.188,0.7371428571428572,ns
lh_parstriangularis,Values,1,2,42,63,1555,0.13,0.7371428571428572,ns
lh_pericalcarine,Values,1,2,42,63,1219,0.498,0.7927636363636364,ns
lh_postcentral,Values,1,2,42,63,1289,0.827,0.9173333333333333,ns
lh_posteriorcingulate,Values,1,2,42,63,1301,0.888,0.9480975609756098,ns
lh_precentral,Values,1,2,42,63,1448,0.415,0.7927636363636364,ns
lh_precuneus,Values,1,2,42,63,1082,0.116,0.7371428571428572,ns
lh_rostralanteriorcingulate,Values,1,2,42,63,1436,0.462,0.7927636363636364,ns
lh_rostralmiddlefrontal,Values,1,2,42,63,1572,0.104,0.7371428571428572,ns
lh_superiorfrontal,Values,1,2,42,63,1221,0.507,0.7927636363636364,ns
lh_superiorparietal,Values,1,2,42,63,1266,0.712,0.8986376811594202,ns
lh_superiortemporal,Values,1,2,42,63,1381,0.707,0.8986376811594202,ns
lh_supramarginal,Values,1,2,42,63,1463,0.362,0.765609756097561,ns
lh_temporalpole,Values,1,2,42,63,1153,0.268,0.765609756097561,ns
lh_transversetemporal,Values,1,2,42,63,1290,0.832,0.9173333333333333,ns
rh_bankssts,Values,1,2,42,63,1255,0.659,0.8986376811594202,ns
rh_caudalanteriorcingulate,Values,1,2,42,63,1438.5,0.452,0.7927636363636364,ns
rh_caudalmiddlefrontal,Values,1,2,42,63,1360,0.811,0.9173333333333333,ns
rh_cuneus,Values,1,2,42,63,1274,0.751,0.9096619718309858,ns
rh_entorhinal,Values,1,2,42,63,956,0.0165,0.5360666666666667,ns
rh_frontalpole,Values,1,2,42,63,1503,0.24,0.7371428571428572,ns
rh_fusiform,Values,1,2,42,63,1287,0.816,0.9173333333333333,ns
rh_inferiorparietal,Values,1,2,42,63,1494,0.265,0.765609756097561,ns
rh_inferiortemporal,Values,1,2,42,63,1433,0.474,0.7927636363636364,ns
rh_insula,Values,1,2,42,63,1396,0.635,0.8986376811594202,ns
rh_isthmuscingulate,Values,1,2,42,63,1365,0.786,0.9173333333333333,ns
rh_lateraloccipital,Values,1,2,42,63,1135,0.22,0.7371428571428572,ns
rh_lateralorbitofrontal,Values,1,2,42,63,1564,0.116,0.7371428571428572,ns
rh_lingual,Values,1,2,42,63,1201,0.427,0.7927636363636364,ns
rh_medialorbitofrontal,Values,1,2,42,63,1432,0.478,0.7927636363636364,ns
rh_middletemporal,Values,1,2,42,63,1478,0.312,0.765609756097561,ns
rh_paracentral,Values,1,2,42,63,1000,0.0349,0.60028,ns
rh_parahippocampal,Values,1,2,42,63,1411,0.567,0.87075,ns
rh_parsopercularis,Values,1,2,42,63,1545,0.147,0.7371428571428572,ns
rh_parsorbitalis,Values,1,2,42,63,1434,0.47,0.7927636363636364,ns
rh_parstriangularis,Values,1,2,42,63,1683,0.0187,0.5360666666666667,ns
rh_pericalcarine,Values,1,2,42,63,1445,0.427,0.7927636363636364,ns
rh_postcentral,Values,1,2,42,63,1266,0.712,0.8986376811594202,ns
rh_posteriorcingulate,Values,1,2,42,63,1184,0.365,0.765609756097561,ns
rh_precentral,Values,1,2,42,63,1320,0.987,0.997,ns
rh_precuneus,Values,1,2,42,63,1326,0.987,0.997,ns
rh_rostralanteriorcingulate,Values,1,2,42,63,1177.5,0.343,0.765609756097561,ns
rh_rostralmiddlefrontal,Values,1,2,42,63,1527,0.183,0.7371428571428572,ns
rh_superiorfrontal,Values,1,2,42,63,1379,0.717,0.8986376811594202,ns
rh_superiorparietal,Values,1,2,42,63,1158,0.282,0.765609756097561,ns
rh_superiortemporal,Values,1,2,42,63,1514,0.213,0.7371428571428572,ns
rh_supramarginal,Values,1,2,42,63,1505,0.235,0.7371428571428572,ns
rh_temporalpole,Values,1,2,42,63,1388,0.673,0.8986376811594202,ns
rh_transversetemporal,Values,1,2,42,63,1247,0.621,0.8986376811594202,ns
Right_Accumbens_area,Values,1,2,42,63,1270.5,0.734,0.9017714285714286,ns
Right_Amygdala,Values,1,2,42,63,1379,0.717,0.8986376811594202,ns
Right_Caudate,Values,1,2,42,63,1697,0.0146,0.5360666666666667,ns
Right_Cerebellum_Cortex,Values,1,2,42,63,1476,0.319,0.765609756097561,ns
Right_Hippocampus,Values,1,2,42,63,1518,0.203,0.7371428571428572,ns
Right_Pallidum,Values,1,2,42,63,1480.5,0.304,0.765609756097561,ns
Right_Putamen,Values,1,2,42,63,1388,0.673,0.8986376811594202,ns
Right_Thalamus_Proper,Values,1,2,42,63,1571.5,0.105,0.7371428571428572,ns
Right_VentralDC,Values,1,2,42,63,1486,0.288,0.765609756097561,ns
